PDF Name,Matched DB Code,Match Confidence,Original Price,New EGP,New EUR,Discount %
1,Ca-1,0.93,8.0,8.8,0.21,0
F 4 16 GB white light Shiny Logo,NB06-NB06,0.39,6.24,6.86,0.17,0
F 6 D.grey shinny gun shiny logo 16 GB,Kc-103,0.35,7.3,8.03,0.19,0
F 6 Black shinny gun shiny logo16 GB,Kc 105,0.37,0.0,0.0,0.0,0
F 6 L.grey shinny gun shiny logo 16 GB,Kc-103,0.35,0.0,0.0,0.0,0
F 7 16 GB WHITE LIGHT shiny logo,NB06-NB06,0.39,6.24,6.86,0.17,0
F 8 Silver shiny logo 32gb,LC-120-I,0.34,7.3,8.03,0.19,0
F 9 blue gun shinny 16GB,Float-Be,0.33,6.35,6.99,0.17,0
F 9 blue gold 16GB,Mg-8,0.4,0.0,0.0,0.0,0
f 9 D.Grey gun shinny 16G,Bamboo -,0.35,0.0,0.0,0.0,0
F 9 blue black mutt 16GB,Mg-8,0.39,7.3,8.03,0.19,0
F 9 White Silver New 16GB,Mg-8,0.39,6.35,6.99,0.17,0
F 10 Black 16GB,LC-120-I,0.43,5.97,6.57,0.16,0
F 11 Gun Mutt 16GB,Ch-10-12-Gun,0.32,5.97,6.57,0.16,0
F 11 Gun Shinny 16GB,Ca-1,0.36,0.0,0.0,0.0,0
F 11 Silver Matt 16GB,LC-120-I,0.38,8.0,8.8,0.21,0
F 14 black mutt 16 G.B,168,0.36,5.71,6.28,0.15,0
F 14 gun shinny 16 G.B,Bamboo -,0.33,5.0,5.5,0.13,0
F 14 silver mutt 16 G.B,168,0.39,5.0,5.5,0.13,0
F 21 black mutt shiny logo 16 G.B,PP01-PLASTIC,0.37,7.0,7.7,0.19,0
F 21 Shinny Gun shiny logo 16 G.B,321,0.38,7.3,8.03,0.19,0
F 22 black mutt shiny logo 16 G.B,PP02-PLASTIC,0.37,7.3,8.03,0.19,0
F 22 shinny gun shiny logo 16 G.B,EC-226,0.39,3.0,3.3,0.08,0
F 23 black mutt logo 16 GB,NB-28-6-Black,0.36,7.3,8.03,0.19,0
F 25 black mutt shiny logo 32GB,MP01,0.35,7.3,8.03,0.19,0
F 25 gun mutt 32GB,Sp-m-23-Light up,0.35,0.0,0.0,0.0,0
F 26 black mutt shiny logo 32GB,Mg-600,0.37,7.3,8.03,0.19,0
F 26 shinny gun shiny logo 32GB,Kc-252,0.36,5.0,5.5,0.13,0
F 28 black mutt 32 GB,Mg-600,0.37,7.3,8.03,0.19,0
F 28 gun shinny 32 GB,Bamboo -,0.34,0.0,0.0,0.0,0
F 29 black mutt shiny logo 32GB,MP01,0.35,7.04,7.74,0.19,0
F 30 black mutt shiny logo 32GB,Mg-600,0.37,7.04,7.74,0.19,0
F 31 gun shinny 16GB,Ca-1,0.36,4.65,5.12,0.12,0
F 31 silver mutt 16GB,351,0.37,5.0,5.5,0.13,0
F 33 BLACK MUTT 16 G.B,3003,0.33,4.65,5.12,0.12,0
F 33 GUN SHINNY 16 G.B,13-3,0.34,0.0,0.0,0.0,0
f 36 black shiny logo 16 GB,EC-226,0.35,7.3,8.03,0.19,0
f 36 white shiny logo 16 GB,Mg-600,0.34,0.0,0.0,0.0,0
F 44 black mutt shiny logo 16GB,Sm-144,0.36,7.3,8.03,0.19,0
flash card metal gold 16G,Metal,0.56,4.38,4.82,0.12,0
flash card metal silver 16G,Metal,0.57,0.0,0.0,0.0,0
Power bank 8 black ( 9000 mAh / lightning logo ),Power bank,0.81,19.78,21.76,0.53,0
Power bank 9 black ( 3000 mAh / mirror logo / wireless ),Power bank,0.75,18.32,20.15,0.49,0
Power bank 12 black ( 10000 mAh / lightning / Wireless / Stand ),Power bank,0.83,1265.0,1391.5,33.59,0
Power bank 13 black ( 10000 mAh ),Power bank,0.83,15.53,17.08,0.41,0
Power bank 14 black ( 10000 mAh ),Power bank,0.83,22.43,24.67,0.6,0
Power bank 18 Black ( 10000 mAh / lightning logo ),Power bank,0.81,15.8,17.38,0.42,0
Power bank 18 Blue ( 10000 mAh / lightning logo ),Power bank,0.81,15.8,17.38,0.42,0
Power bank 20 black ( 10000 mAh / light led ),Power bank,0.82,13.14,14.45,0.35,0
Power bank 22 Black ( 10000 mAh / Wireless lighting Logo ),Power bank,0.82,19.25,21.18,0.51,0
Power bank 22 Blue ( 10000 mAh/Wireless lighting Logo ),Power bank,0.84,2.0,2.2,0.05,0
Power bank 22 D Grey ( 10000 mAh / Wireless / lighting Logo ),Power bank,0.8,0.0,0.0,0.0,0
Power bank 26 black ( 10000 mAh / wireless charging Phone - watch - Airpod ),Power bank,0.83,1155.0,1270.5,30.67,0
Power bank 30 ( 5000 mAh / wireless charger / Very strong Massager ) White,Power bank,0.84,18.05,19.86,0.48,0
Power bank 34 Black ( 10000 mAh / wireless charger / lightning logo / mega safe ),Power bank,0.83,23.23,25.55,0.62,0
Power bank 35 White ( 10000 mAh / mobile stand ),Power bank,0.81,10.49,11.54,0.28,0
Power bank 37 Black ( 20000 mAh / torch / built in cable ),Power bank,0.84,17.92,19.71,0.48,0
Power bank 44 Black ( Wireless stand / lightning lamp ),Power bank,0.89,1595.0,1754.5,42.35,0
Power bank 49 black ( 10000 mAh,Power bank,0.83,1265.0,1391.5,33.59,0
Lamp USB 4 Black,LC-120-B-Dual,0.34,7.83,8.61,0.21,0
Lamp USB 4 White,Lens,0.33,6.0,6.6,0.16,0
Lamp USB 5 ( MULTI FUNCTION - WIRELESS CHARGER - DIGITAL CLOCK ) Black,Lock,0.36,1265.0,1391.5,33.59,0
Lamp USB 8 Black ( Lamp / Clock / bluetooth Speaker / wireless charging ),Lock,0.42,1375.0,1512.5,36.51,0
Lamp USB 8 White ( Lamp / Clock / bluetooth Speaker / wireless charging ),Lock,0.42,6.0,6.6,0.16,0
Lamp USB 9 black ( Lamp / pen holder / wireless charging ),Pen Holder,0.7,12.88,14.17,0.34,0
mobile holder 2 grey * blue,Mg-8,0.42,1.46,1.61,0.04,0
mobile holder 2 white * blue,Mg-8,0.41,4.0,4.4,0.11,0
mobile holder 3 Black,Mg-8,0.42,1.73,1.9,0.05,0
Cable 2 Eco Material,EC-,0.55,3.98,4.38,0.11,0
Cable 3 ( 4 in 1 cable / android - iphone - type C - Apple watch charger ) Black,PB01,0.46,5.71,6.28,0.15,0
Cable 5 Grey Gun,Lc5-dual,0.38,5.71,6.28,0.15,0
Cable 6 ( wireless 15W / lightening logo / fast charging for micro - iphone - Type C ),P1009L-Blue led,0.37,7.3,8.03,0.19,0
CABLE 7 BLACK,cable-7-Holder,0.9,1.73,1.9,0.05,0
Cable 9 ( 2*1 ),Lc5-dual,0.37,1.99,2.19,0.05,0
Cable 13 new Black,Lc5-dual,0.4,3.85,4.24,0.1,0
Cable 14 Black Long mutt,Box-Cable,0.42,3.85,4.24,0.1,0
Cable 14 short black shinny,Box-Cable,0.37,2.52,2.77,0.07,0
Cable 15 ( 3 in 1 cable / lightening logo ) Black,LC-120-I,0.43,5.18,5.7,0.14,0
Cable 17 Black silver,Box-Cable,0.48,3.32,3.65,0.09,0
Cable 22 black ( 4 in 1 ),Box-Cable,0.41,1.57,1.73,0.04,0
Cable 23 black ( 4 in 1 ) ( Cigarette lighter / Torch ),Box-Cable,0.44,5.18,5.7,0.14,0
Cable 24 black ( 4 in 1 ),Box-Cable,0.41,1.57,1.73,0.04,0
Cable 25 black gun ( key chain ),Kc-252,0.46,4.91,5.4,0.13,0
Connector 7 ( With Cable 3 and POUCH ) Black,EC-,0.52,21.11,23.22,0.56,0
Connector 8 With POUCH White,EC-,0.58,14.6,16.06,0.39,0
Car charger 1,CC5,0.4,2.39,2.63,0.06,0
Car charger 2,CC5,0.4,2.39,2.63,0.06,0
Car charger 3,CC5,0.4,3.98,4.38,0.11,0
Car charger 4 ( wireless charging Iphone - watch - airpod / lightning logo ),CC5,0.44,14.87,16.36,0.39,0
Car charger 5 ( built in cables ),Ca-1,0.4,9.03,9.93,0.24,0
Speaker 1,Sm-728,0.27,0.0,0.0,0.0,0
Speaker 2 black,Sp-m-23-Light up,0.39,1815.0,1996.5,48.19,0
Speaker 2 beige,Sp-m-23-Light up,0.45,1815.0,1996.5,48.19,0
Speaker 3 black ( lightning logo ),Sp-m-23-Light up,0.48,472.0,519.2,12.53,0
Speaker 6 Blue,Sp-m-23-Light up,0.4,12.0,13.2,0.32,0
Speaker 6 White,Sp-m-23-Light up,0.39,0.0,0.0,0.0,0
Speaker 7 Orange,GS01,0.34,330.0,363.0,8.76,0
Speaker 7 blue,Sp-m-23-Light up,0.4,0.0,0.0,0.0,0
Speaker 7 green,MP01-METAL,0.33,0.0,0.0,0.0,0
Speaker 9 Black,Sp-m-23-Light up,0.32,811.0,892.1,21.53,0
Speaker 9 Blue,Sp-m-23-Light up,0.4,0.0,0.0,0.0,0
Speaker 9 Red,Sp-m-23,0.33,0.0,0.0,0.0,0
Speaker 10 Black,LC-120-I,0.33,54.0,59.4,1.43,0
Speaker 11 black,Sp-m-23-Light up,0.31,648.0,712.8,17.2,0
Speaker 11 blue,Sp-m-23-Light up,0.39,0.0,0.0,0.0,0
Speaker 11 orange,GS01,0.33,0.0,0.0,0.0,0
Speaker 12 grey new,Sp-m-23-Light up,0.4,13.0,14.3,0.35,0
Speaker 13 black,Sp-m-23-Light up,0.38,949.0,1043.9,25.2,0
Speaker 22 Silver,Sp-m-23-Light up,0.36,41.0,45.1,1.09,0
Speaker 30 Black Set,Sp-m-23-Light up,0.39,16.0,17.6,0.42,0
Headphone 1 black,Ch-2022,0.31,500.0,550.0,13.27,0
Headphone 2 black,Ch-2022,0.31,500.0,550.0,13.27,0
Airbods 1 black,LC-120-I,0.3,200.0,220.0,5.31,0
Airbods 2 black,Sp-m-23-Light up,0.32,200.0,220.0,5.31,0
Smart Watch 1,SM-2,0.36,66.0,72.6,1.75,0
mouse 1 Dark blue,Mg-8,0.33,3.85,4.24,0.1,0
Mouse 1 white,SM-2,0.36,2.0,2.2,0.05,0
mouse 8 black gun,13-8,0.33,4.91,5.4,0.13,0
mouse 8 Blue,13-8,0.4,1.0,1.1,0.03,0
mouse 9 black bluetooth,Mg-8,0.4,2.52,2.77,0.07,0
mouse 10 gun bluetooth,M2,0.3,2.79,3.07,0.07,0
/ Mouse 11 ( lightening / built in battery bluetooth ) Black,GFM-FL-001,0.36,4.0,4.4,0.11,0
/ Mouse 11 ( lightening / built in battery bluetooth ) Blue,Mg-600,0.38,5.04,5.54,0.13,0
/ Mouse 11 ( lightening / built in battery bluetooth ) Gun,Mg-600,0.38,7.0,7.7,0.19,0
/ Mouse 11 ( lightening / built in battery bluetooth ) White,El-311,0.37,8.0,8.8,0.21,0
"mouse 12 black "" LIGHTING "" LOGO",Sp-m-23-Light up,0.45,3.32,3.65,0.09,0
""" Mouse Pad 1 black "" WIRELESS",M2,0.33,6.64,7.3,0.18,0
Mouse Pad 3 black,Lc5-dual,0.33,4.91,5.4,0.13,0
NB 2 ( mobile stand ) Black,NB-25-32-A6,0.81,304.0,334.4,8.07,0
NB 2 ( mobile stand ) Blue,NB-25-32-A6,0.82,214.5,235.95,5.69,0
NB 4 black,NB-60-4-B-Black,0.93,1.73,1.9,0.05,0
NB 6 black,NB-60-6-B,1.43,2.52,2.77,0.07,0
NB 6 blue,NB-60-4-B-Black,0.73,0.0,0.0,0.0,0
NB 6 grey,NB-60-8-B-G,0.71,2.0,2.2,0.05,0
NB 6 coffee,NB-60-8-B-G,0.73,0.0,0.0,0.0,0
NB 7 blue,Nb,0.48,3.85,4.24,0.1,0
NB 8 black,NB-60-8-B-B,0.93,5.18,5.7,0.14,0
NB 9 Brown large,Nb,0.59,2.52,2.77,0.07,0
NB 10 black Metal M,NB-,0.61,5.18,5.7,0.14,0
NB 10 blue Metal M,Nb,0.54,4.0,4.4,0.11,0
NB 10 L.Grey M,Nb,0.52,0.0,0.0,0.0,0
NB 11 black,NB-,0.5,7.04,7.74,0.19,0
NB 12 black grey,NB-,0.53,5.71,6.28,0.15,0
NB 13 black,NB-,0.5,4.12,4.53,0.11,0
NB 14 black silver,NB-,0.55,6.5,7.15,0.17,0
NB 15 black,NB-60-28-15-B-Black,0.93,5.97,6.57,0.16,0
NB 16 black,NB-,0.5,3.58,3.94,0.1,0
NB 16 blue,Nb,0.48,0.0,0.0,0.0,0
NB 24 black,NB-24-3,0.72,3.85,4.24,0.1,0
NB 25 black,NB-25-77-B-Black,1.43,3.85,4.24,0.1,0
NB 26 Black Medium,NB-,0.57,4.25,4.68,0.11,0
NB 26 Blue Medium,Nb,0.54,9.0,9.9,0.24,0
NB 30 D.grey Medium,Nb,0.56,5.18,5.7,0.14,0
NB 30 L.grey Medium,Nb,0.56,6.0,6.6,0.16,0
NB 30 black Medium,NB-,0.57,8.0,8.8,0.21,0
NB 30 blue Medium,Nb,0.54,8.0,8.8,0.21,0
nb 44 black مارج 80 هقرو 100 مي يرك قرو,NB-,0.51,248.0,272.8,6.58,0
nb 44 blue مارج 80 هقرو 100 مي يرك قرو,Nb,0.51,75.9,83.49,2.02,0
nb 44 white مارج 80 هقرو 100 مي يرك قرو,NB-,0.49,1.0,1.1,0.03,0
nb 44 Black سيطانغمب,NB-,0.5,1021.0,1123.1,27.11,0
nb 44 Blue سيطانغمب,Nb,0.48,115.5,127.05,3.07,0
بارجب NB 47 black,NB-17-106-Blank,0.75,3.05,3.35,0.08,0
NB 48 black,NB-,0.5,3.85,4.24,0.1,0
NB 50 Blue M New,Nb,0.52,13.0,14.3,0.35,0
NB 50 Black M New,NB-,0.57,4.38,4.82,0.12,0
NB 50 Grey M New,Nb,0.54,1.0,1.1,0.03,0
NB set 1 black,NB-,0.52,16.46,18.11,0.44,0
NB set 2 black,NB-,0.52,16.46,18.11,0.44,0
NB set 4 black,NB-,0.52,4.38,4.82,0.12,0
NB set 4 green,Nb,0.55,0.0,0.0,0.0,0
NB set 4 red,Nb,0.53,5.0,5.5,0.13,0
NB set 4 purple,Nb,0.57,3.0,3.3,0.08,0
NB set 5 black,NB-,0.52,6.5,7.15,0.17,0
NB set 6 black,NB-,0.52,6.5,7.15,0.17,0
NB set 7 black,NB-,0.52,2.52,2.77,0.07,0
NB set 7 blue,Nb,0.5,0.0,0.0,0.0,0
NB Set 10 Black,NB-,0.52,12.35,13.59,0.33,0
NB Set 10 Blue,Nb,0.5,5.0,5.5,0.13,0
NB Set 10 dark grey,Nb,0.51,3.0,3.3,0.08,0
NB Set 10 Black With CH,NB-,0.56,14.87,16.36,0.39,0
NB Set 10 D.Blue With CH,Nb,0.56,14.0,15.4,0.37,0
NB Set 10 Grey With CH,Nb,0.55,0.0,0.0,0.0,0
NB Set 10 with TK 16 Black,Nb,0.54,19.12,21.03,0.51,0
NB Set 10 with TK 16 Blue,Nb,0.52,0.0,0.0,0.0,0
NB set 11 black,NB-,0.52,7.83,8.61,0.21,0
NB set 11 blue,Nb,0.5,6.0,6.6,0.16,0
NB Set 12 black,NB-,0.52,10.35,11.38,0.27,0
NB Set 12 Grey,Nb,0.5,0.0,0.0,0.0,0
NB set 13 black,NB-,0.52,8.63,9.49,0.23,0
NB set 13 blue,Nb,0.5,5.0,5.5,0.13,0
NB set 14 black,NB-,0.52,7.83,8.61,0.21,0
NB set 14 blue,Nb,0.5,0.0,0.0,0.0,0
NB set 14 white,NB-,0.45,5.0,5.5,0.13,0
NB set 14 black design,NB-,0.56,6.64,7.3,0.18,0
NB set 14 blue design,Nb,0.57,6.64,7.3,0.18,0
NB set 14 white design,NB-,0.52,6.64,7.3,0.18,0
NB set 16 green,Nb,0.54,3.85,4.24,0.1,0
NB set 16 pink,Nb,0.55,3.0,3.3,0.08,0
NB set 16 purple,Nb,0.57,3.0,3.3,0.08,0
NB set 16 white,NB-,0.45,3.0,3.3,0.08,0
NB set 17 green,Nb,0.54,3.85,4.24,0.1,0
NB set 17 pink,Nb,0.55,3.0,3.3,0.08,0
NB set 17 purple,Nb,0.57,3.0,3.3,0.08,0
NB set 17 white,NB-,0.45,2.0,2.2,0.05,0
NB set 18 black with rope bag,NB-,0.6,9.29,10.22,0.25,0
NB set 19 black with rope bag,NB-,0.6,9.29,10.22,0.25,0
NB set 20 black with rope bag,NB-,0.6,10.49,11.54,0.28,0
NB set 21 black,NB-,0.52,12.61,13.87,0.33,0
NB set 21 blue,Nb,0.5,12.61,13.87,0.33,0
NB SET 25 BLACK,NB-,0.52,5.18,5.7,0.14,0
NB SET 25 BLUE,Nb,0.5,7.0,7.7,0.19,0
NB SET 26 BLUE,Nb,0.5,17.92,19.71,0.48,0
NB SET 26 WHITE,NB-,0.45,5.0,5.5,0.13,0
NB SET 27 BLACK,NB-,0.52,20.97,23.07,0.56,0
FL 6 ( 5000 mAh / inner wallet / card holder / wireless 10W ) Black,Ch-1040-double,0.44,962.5,1058.75,25.55,0
FL 7 wireless charger grey,LC-120-I,0.41,1072.5,1179.75,28.47,0
FL 7 wireless charger black,LC-120-I,0.44,9.0,9.9,0.24,0
FL 7 wireless charger blue,LC-120-I,0.41,1.0,1.1,0.03,0
FL 8 ( 8000 mAh / wireless 10W / lightening logo / mega safe ) Black,P208,0.38,1375.0,1512.5,36.51,0
FL 9 ( 8000 mAh / mega safe / 3 in 1 wireless 10W - watch - airpod - phone ) Black,P225L-Wireless-Power,0.37,1375.0,1512.5,36.51,0
FL 10 ( 8000 mAh / mega safe / 3 in 1 wireless 10W - watch - airpod - phone ) Black,P222 L,0.4,1072.5,1179.75,28.47,0
FL 11 ( Box / 8000 mAh / wireless 10W / lightening logo / mega safe / 16GB flash ) Black,Box,0.5,1309.0,1439.9,34.75,0
FL 18 black,LC-120-I,0.37,44.0,48.4,1.17,0
FL 20 ( 5000 mAh wireless ) Black,LC-120-I Watch,0.48,1265.0,1391.5,33.59,0
FL 21 ( 4000 mAh wireless ) Black,LC-120-I Watch,0.45,1045.0,1149.5,27.74,0
FL 22 ( 5000 mAh wireless ) Black,LC-120-I Watch,0.45,1045.0,1149.5,27.74,0
FL 45 ( 5000 mAh / 16GB flash ) Black,P222 L,0.42,1210.0,1331.0,32.13,0
MP 2 Black,Sp-m-23-Light up,0.38,48.0,52.8,1.27,0
MP 2 Blue,Sp-m-23-Light up,0.48,148.5,163.35,3.94,0
MP 2 Craft,Sp-m-23-Light up,0.38,5.0,5.5,0.13,0
MP 4 Black,Sp-m-23-Light up,0.31,565.0,621.5,15.0,0
MP 4 Blue,Sp-m-23-Light up,0.4,93.5,102.85,2.48,0
MP 4 Crafft,MP04-The,0.3,3.0,3.3,0.08,0
MP 7 black,Sm-728,0.38,5.0,5.5,0.13,0
MP 7 D.Blue,Sp-m-23-Light up,0.44,3.32,3.65,0.09,0
MP 10 Blue,Sp-m-23-Light up,0.38,1.54,1.69,0.04,0
MP 11 Black,LC-120-I,0.33,575.0,632.5,15.27,0
MP 11 D.Blue,Sp-m-23-Light up,0.43,148.5,163.35,3.94,0
MP 13 Grey,Sp-m-23-Light up,0.38,4.0,4.4,0.11,0
MP 13 Red,Sp-m-23-Light up,0.32,53.9,59.29,1.43,0
MP 14 Blue,Sp-m-23-Light up,0.38,725.0,797.5,19.25,0
Mp 14 Black,LC-120-I,0.33,86.9,95.59,2.31,0
mp 15 black,LC-120-I,0.33,1.73,1.9,0.05,0
mp 15 blue,Sp-m-23-Light up,0.38,5.0,5.5,0.13,0
MP 16 Black,LC-120-I,0.33,1225.0,1347.5,32.52,0
MP 16 Blue,Sp-m-23-Light up,0.38,104.5,114.95,2.77,0
MP 17 Black,Sm-728,0.35,1086.0,1194.6,28.83,0
MP 17 Grey,Sm-728,0.38,86.9,95.59,2.31,0
MP 18 Black,Sm-728,0.35,5.18,5.7,0.14,0
MP 20 black,LC-120-I,0.37,5.18,5.7,0.14,0
MP 21 black,Sp-m-23-Light up,0.37,3.32,3.65,0.09,0
MP 21 blue,Sp-m-23-Light up,0.46,7.0,7.7,0.19,0
1 تيس كوب تون هقارو,Ca-1,0.93,0.0,0.0,0.0,0
CH 1 GUN,Ch-10-12,0.75,2.52,2.77,0.07,0
CH 2 gun black,Ch-2022,0.76,2.52,2.77,0.07,0
CH 2 silver black,Ch-2022,0.83,5.0,5.5,0.13,0
CH 2 silver silver,Ch-2022,0.83,10.0,11.0,0.27,0
CH 4 BLACK,Ch-400-RF-Card,0.65,0.66,0.73,0.02,0
CH 4 BROWN,Ch-400-RF-Card,0.67,11.0,12.1,0.29,0
CH 5 Black,Lc5-dual,0.33,5.0,5.5,0.13,0
CH 5 BROWN,CC1,0.29,0.66,0.73,0.02,0
CH 8 black,Lc5-dual,0.33,10.0,11.0,0.27,0
CH 8 blue,Mg-8,0.29,2.26,2.49,0.06,0
ch 9 brown new,C-89-2,0.33,24.0,26.4,0.64,0
CH 9 New D.Grey soft,C-89-2,0.37,1.04,1.14,0.03,0
ز ضف ببحم دوسا ch 9 ي,Ch-2022,0.7,0.0,0.0,0.0,0
CH 13 Dark Blue,LC-120-Dual,0.4,1.99,2.19,0.05,0
CH 13 Dark Grey Hard,LC-120-Dual,0.36,0.0,0.0,0.0,0
CH 13 L.Grey,Ca-1,0.38,15.0,16.5,0.4,0
ببحم CH 13 black,Ch-1040-double,0.75,11.0,12.1,0.29,0
CH 14 black shinny gun,Ec-114,0.39,1.99,2.19,0.05,0
CH 14 blue shinny gun,Ec-114,0.37,5.0,5.5,0.13,0
CH 15 black shinny gun,Kc-158,0.38,1.99,2.19,0.05,0
CH 15 blue shinny gun,Kc-158,0.41,5.0,5.5,0.13,0
CH 16 black shinny gun,EC-226,0.37,1.99,2.19,0.05,0
CH 17 black shinny gun,Ec-114,0.37,1.99,2.19,0.05,0
CH 17 blue shinny gun,Ec-114,0.35,5.0,5.5,0.13,0
CH 19 black with mega safe magnet,LC120-B-dual-eva,0.38,7.83,8.61,0.21,0
CH 21 Blue,Sp-m-23-Light up,0.38,0.93,1.02,0.02,0
ببحم دوسا CH 21,Sm-728,0.86,11.0,12.1,0.29,0
Ch 50 Black ( mega safe ),LC-120-B-Dual,0.41,7.04,7.74,0.19,0
Ch 50 Blue ( mega safe ),LC-120-I,0.5,3.0,3.3,0.08,0
Ch 50 D grey ( mega safe ),LC-120-Dual,0.46,3.0,3.3,0.08,0
wallet 3 Grey,W4,0.33,1.73,1.9,0.05,0
Wallet 5 Grey,W4,0.33,3.85,4.24,0.1,0
Wallet 10 black,Lc5-dual,0.38,1.19,1.31,0.03,0
KH 1 Blue Gun Mutt,Mg-8,0.32,1.0,1.1,0.03,0
KH 1 D.Grey Gun Mutt,Ca-1,0.36,0.0,0.0,0.0,0
KH 1 L.Grey Gun Mutt,Ca-1,0.39,9.0,9.9,0.24,0
KH 1 Blue Black,LC-120-I,0.47,0.0,0.0,0.0,0
KH 1 D.Grey Gun Shinny,Kc-103,0.41,1.57,1.73,0.04,0
KH 1 L.Grey Gun Shinny,Ca-1,0.41,6.0,6.6,0.16,0
KH 1 Grey leather Gun Mutt,C1-Cover-Lether,0.37,8.0,8.8,0.21,0
KH 1 Grey leather Gun Shinny,Ca-1,0.41,9.0,9.9,0.24,0
Kh2 Cork,Cork,0.48,1.19,1.31,0.03,0
KH 3 D.Grey Gun,Sp-m-23-Light up,0.32,400.0,440.0,10.62,0
ةطايخب KH 3 Dark grey,351,0.3,53.9,59.29,1.43,0
KH 3 L.Grey Gun,Sp-m-23-Light up,0.39,7.0,7.7,0.19,0
KH 5 Blue Silver,Mg-8,0.33,1.3,1.43,0.03,0
KH 7 Black Silver,Lc5-dual,0.37,1.3,1.43,0.03,0
KH 7 Blue Silver,Mg-8,0.33,0.0,0.0,0.0,0
KH 10 Black Silver,LC-120-I,0.44,1.46,1.61,0.04,0
KH 11 Cork,Cork,0.5,1.3,1.43,0.03,0
KH 11 white gun,Kc-103,0.32,5.0,5.5,0.13,0
KH 14 GUN,Sp-m-23-Light up,0.24,0.0,0.0,0.0,0
طم KH 14,Sp-m-23-Light up,0.19,0.16,0.18,0.0,0
عيمل KH 14,Sp-m-23-Light up,0.19,0.0,0.0,0.0,0
KH 18 shiny gun+black,Kc-158,0.41,1.83,2.01,0.05,0
KH 18 shiny gun+black with design,118,0.4,0.0,0.0,0.0,0
KH 18 matt gun+black,Kc-158,0.35,2.0,2.2,0.05,0
KH 18 matt black+black,LC-120-Dual,0.42,11.0,12.1,0.29,0
KH 19 shiny gun+black,Kc-103,0.38,1.83,2.01,0.05,0
KH 19 matt gun+black,LC-1,0.35,12.0,13.2,0.32,0
KH 19 matt black+black,LC-120-Dual,0.42,17.0,18.7,0.45,0
KH 20 matt black+black,LC-120-I Watch,0.47,1.83,2.01,0.05,0
KH 20 matt black+blue,LC-120-I Watch,0.44,0.0,0.0,0.0,0
KH 20 shiny gun+black,LC120-Single,0.39,14.0,15.4,0.37,0
KH 22 black shinny gun,Kc-252,0.38,1.83,2.01,0.05,0
KH 22 blue shinny gun,Kc-252,0.41,2.0,2.2,0.05,0
KH 23 black black mutt,M2 Black-Black,0.39,1.91,2.1,0.05,0
KH 23 black gun mutt,Sp-m-23-Light up,0.39,4.0,4.4,0.11,0
KH 23 black shinny gun,Sp-m-23-Light up,0.37,9.0,9.9,0.24,0
KH 23 blue shinny gun,Kc-103,0.38,2.0,2.2,0.05,0
KH 23 dark grey shinny gun,Kc-103,0.41,1.0,1.1,0.03,0
Ep 24 black mutt,Sp-m-23-Light up,0.44,97.9,107.69,2.6,0
EP 27 BLACK,Sp-m-23-Light up,0.37,16.0,17.6,0.42,0
EP 27 BLUE,Sp-m-23-Light up,0.46,27.5,30.25,0.73,0
EP 28 black,Sp-m-23-Light up,0.37,27.5,30.25,0.73,0
EP 29 black,Sp-m-23-Light up,0.37,27.5,30.25,0.73,0
EP 30 silver,Sp-m-23-Light up,0.36,38.5,42.35,1.02,0
EP 32 black black,LC-120-I,0.41,31.9,35.09,0.85,0
EP 32 blue black,LC-120-I,0.46,9.0,9.9,0.24,0
EP 32 grey black,Sp-m-23-Light up,0.38,10.0,11.0,0.27,0
EP 34 black,Sp-m-23-Light up,0.37,60.5,66.55,1.61,0
EP 34 gun,Sp-m-23-Light up,0.48,9.0,9.9,0.24,0
ep 40 black*silver,LC-120-I,0.4,31.9,35.09,0.85,0
Ep 47 Black Shinny Gun,MP01,0.32,0.0,0.0,0.0,0
Ep 47 Blue Shinny Gun,Ec-el-117,0.31,107.8,118.58,2.86,0
EP 51 new black,LC-120-I,0.34,64.9,71.39,1.72,0
EP 51 new blue,Sp-m-23-Light up,0.4,55.0,60.5,1.46,0
EP 51 new gun,Sp-m-23-Light up,0.41,8.0,8.8,0.21,0
EP 52 black shinny gun,Ec-252,0.39,64.9,71.39,1.72,0
EP 52 White,Sp-m-23-Light up,0.44,93.0,102.3,2.47,0
EP 54 Black,Sp-m-23-Light up,0.3,47.0,51.7,1.25,0
EP 54 Gun,Sp-m-23-Light up,0.4,27.5,30.25,0.73,0
EP 54 Silver,Set-pen-50-Pen,0.3,50.0,55.0,1.33,0
EP 55 Black,Sp-m-23-Light up,0.3,36.3,39.93,0.96,0
EP 56 Black,Sp-m-23-Light up,0.3,31.9,35.09,0.85,0
PS 2 black,Sp-m-23-Light up,0.38,3.58,3.94,0.1,0
PS 3 cork silver shinny with Box,Cork,0.6,4.38,4.82,0.12,0
PS 3 cork gun shinny without Box,Cork,0.67,3.05,3.35,0.08,0
PS 9 black,Sp-m-23-Light up,0.31,2.36,2.6,0.06,0
PS 9 blue,Sp-m-23-Light up,0.4,5.0,5.5,0.13,0
PS 9 white,Sp-m-23-Light up,0.38,5.0,5.5,0.13,0
PS 11 black,LC-120-I,0.33,3.05,3.35,0.08,0
PS 12 black gun,Sp-m-23-Light up,0.45,3.58,3.94,0.1,0
ps 15 blue rose gold,Mg-8,0.42,1.73,1.9,0.05,0
ps 15 silver gun,Sp-m-23-Light up,0.38,45.0,49.5,1.19,0
PS 17 Blue,Sp-m-23-Light up,0.38,2.36,2.6,0.06,0
P.Box 1 paper,Box,0.5,0.93,1.02,0.02,0
P. Box 2 black mutt,Box,0.53,0.72,0.79,0.02,0
p.box 3,Box,0.43,2.26,2.49,0.06,0
P.Box 4,Box,0.43,0.27,0.3,0.01,0
P. Box 7,Box,0.43,0.32,0.35,0.01,0
P.BOX 13 Blk,Box,0.49,0.32,0.35,0.01,0
P.Box 23,Box,0.43,0.32,0.35,0.01,0
P.Box 40 NEW,Box,0.49,0.32,0.35,0.01,0
P.Box 42,Box,0.43,0.32,0.35,0.01,0
Cross Pen AT0122-1 Silver,Pen,0.58,5445.0,5989.5,144.56,0
PP 1 black,LC-120-I,0.33,1.04,1.14,0.03,0
PP 2 Gun,Sp-m-23-Light up,0.5,2452.0,2697.2,65.1,0
PP 2 Silver,Sp-m-23-Light up,0.37,13.2,14.52,0.35,0
PP 4 Black,Sp-m-23-Light up,0.31,0.2,0.22,0.01,0
PP 4 Grey,Sp-m-23-Light up,0.32,47.0,51.7,1.25,0
PP 4 L.Blue,Sp-m-23-Light up,0.44,48.0,52.8,1.27,0
PP 4 Orange,Sp-m-23-Light up,0.3,48.0,52.8,1.27,0
PP 4 Red,241,0.26,47.0,51.7,1.25,0
PP 6 Black,Sp-m-23-Light up,0.31,0.24,0.26,0.01,0
PP 9 black,Sp-m-23-Light up,0.31,0.17,0.19,0.0,0
PP 9 grey,Sp-m-23-Light up,0.32,0.0,0.0,0.0,0
PP 9 red,Sp-m-23-Light up,0.25,49.0,53.9,1.3,0
PP 10 grey,Sp-m-23-Light up,0.31,0.21,0.23,0.01,0
PP 10 Red,351,0.25,49.0,53.9,1.3,0
PP 13 D.Blue,Sp-m-23-Light up,0.43,0.25,0.28,0.01,0
PP 15 black,LC-120-I,0.33,0.23,0.25,0.01,0
PP 15 blue,Sp-m-23-Light up,0.38,47.0,51.7,1.25,0
PP 15 green,Sp-m-23-Light up,0.3,51.0,56.1,1.35,0
PP 15 Red,241,0.25,49.0,53.9,1.3,0
PP 16 black,LC-120-I,0.33,0.25,0.28,0.01,0
PP 16 light blue,Sp-m-23-Light up,0.62,50.0,55.0,1.33,0
PP 16 Red,351,0.25,48.0,52.8,1.27,0
PP 16 Green,Sp-m-23-Light up,0.3,49.0,53.9,1.3,0
PP 16 Purple,Float-Be,0.33,50.0,55.0,1.33,0
pp 17 gun,Sp-m-23-Light up,0.4,0.26,0.29,0.01,0
pp 17 silver,Sp-m-23-Light up,0.29,58.0,63.8,1.54,0
PP 18 light blue,Sp-m-23-Light up,0.62,0.23,0.25,0.01,0
PP 18 Red,Sm-728,0.27,48.0,52.8,1.27,0
PP 18 Orange,168,0.31,50.0,55.0,1.33,0
PP 18 Purple,168,0.31,50.0,55.0,1.33,0
PP 19 Orange,Ca-1,0.29,0.18,0.2,0.0,0
PP 20 blue,Sp-m-23-Light up,0.46,0.25,0.28,0.01,0
PP 21 cork black,Cork,0.51,0.28,0.31,0.01,0
PP 26 black,Sp-m-23-Light up,0.37,0.36,0.4,0.01,0
PP 26 blue,Sp-m-23-Light up,0.46,49.0,53.9,1.3,0
PP 26 white,Sp-m-23-Light up,0.44,45.0,49.5,1.19,0
PP 26 grey,Sp-m-23-Light up,0.38,50.0,55.0,1.33,0
PP 26 green,Sp-m-23-Light up,0.37,0.0,0.0,0.0,0
PP 28 Black,Sp-m-23-Light up,0.37,0.48,0.53,0.01,0
PP 28 Red,Sm-728,0.4,51.0,56.1,1.35,0
PP 29 silver,Sp-m-23-Light up,0.36,0.21,0.23,0.01,0
PP 30 L.Blue,Sp-m-23-Light up,0.5,47.0,51.7,1.25,0
PP 30 Orange,Sp-m-23-Light up,0.36,50.0,55.0,1.33,0
PP 30 Green,Sp-m-23-Light up,0.37,0.25,0.28,0.01,0
PP 30 Purple,Sp-m-23-Light up,0.36,50.0,55.0,1.33,0
PP 31 Black,Sp-m-23-Light up,0.37,0.66,0.73,0.02,0
PP 33 Rubber Black,LC-120-Dual,0.3,54.0,59.4,1.43,0
PP 33 Rubber D .Blue,Sp-m-23,0.33,0.88,0.97,0.02,0
PP 33 Rubber Grey,Sp-m-23,0.35,102.0,112.2,2.71,0
PP 46 Black,Sp-m-23-Light up,0.3,50.0,55.0,1.33,0
PP 46 Green,Sp-m-23-Light up,0.3,0.18,0.2,0.0,0
PP 46 Red,W4,0.27,32.0,35.2,0.85,0
PP 48 L.Blue,Sp-m-23-Light up,0.43,0.25,0.28,0.01,0
PP 53 Silver,Sp-m-23-Light up,0.36,0.24,0.26,0.01,0
pp set 1 light green,Sp-m-23-Light up,0.56,92.0,101.2,2.44,0
pp set 1 light purple,Sp-m-23-Light up,0.59,0.05,0.06,0.0,0
CK 1,Ca-1,0.25,3.96,4.36,0.11,0
CK 2,Sm-728,0.4,3.96,4.36,0.11,0
CK 3,SM-3,0.25,3.96,4.36,0.11,0
CK 4,SM-4,0.25,3.96,4.36,0.11,0
CK 9 white,C-89-2,0.32,7.3,8.03,0.19,0
CK 9 black,Lc5-dual,0.33,7.3,8.03,0.19,0
CK 10 black,LC-120-I,0.42,7.3,8.03,0.19,0
CK 11 دوسا انيم,Sm-728,0.18,3.32,3.65,0.09,0
CK 13,13-2,0.2,4.12,4.53,0.11,0
CK 14,Sm-728,0.18,7.3,8.03,0.19,0
CK 15,Sm-728,0.18,7.3,8.03,0.19,0
CK 16,Sm-728,0.18,3.96,4.36,0.11,0
CK 19,NB-ck-norm-G-17-19,0.92,5.18,5.7,0.14,0
CK 20,Sm-728,0.36,5.18,5.7,0.14,0
CK 21,Sm-728,0.36,7.3,8.03,0.19,0
CK 22,Sm-728,0.36,5.18,5.7,0.14,0
CK 23,Sm-728,0.36,7.3,8.03,0.19,0
DC 2 black * shinny gun,EC-226,0.37,13.14,14.45,0.35,0
DC 3 black * shinny gun,Kc-103,0.35,13.14,14.45,0.35,0
DC 3 Grey * shinny gun,Kc-103,0.42,0.0,0.0,0.0,0
DC 4 with white LED,SM-4,0.43,8.5,9.35,0.23,0
DC 5 with white LED,C-89-2,0.42,9.16,10.08,0.24,0
DC 8 with wirless charger,LC-120-I Watch,0.41,1375.0,1512.5,36.51,0
DC 9 black ( digital clock / wireless / phone stand ),Lock,0.4,1485.0,1633.5,39.43,0
TK 1,Ca-1,0.25,5.71,6.28,0.15,0
TK 5,Sm-728,0.2,5.71,6.28,0.15,0
TK 6,Mg-6-380,0.2,8.63,9.49,0.23,0
TK 9,Sp-9,0.2,7.83,8.61,0.21,0
Tk 10,Sp-m-23-Light up,0.19,5.18,5.7,0.14,0
Tk 11,Sp-m-23-Light up,0.19,7.83,8.61,0.21,0
TK 13,13-2,0.2,7.57,8.33,0.2,0
Tk 16 black,LC-120-I,0.33,8.63,9.49,0.23,0
Tk 16 blue,LC-120-I,0.29,6.0,6.6,0.16,0
TK 17 black,LC-120-I,0.33,5.71,6.28,0.15,0
هيبرع خافنم,NB-Sticky-Plus-B5,0.5,9.29,10.22,0.25,0
Mug 2 Cappuccino white,Kc-252,0.34,7.83,8.61,0.21,0
Mug 4 black,Mg-8,0.28,5.18,5.7,0.14,0
Mug 4 dark blue,LC-120-Dual,0.32,3.0,3.3,0.08,0
Mug 4 white,SM-4,0.33,4.0,4.4,0.11,0
MUG 6 digital Mutt black,Mg-66 digital,0.49,2.0,2.2,0.05,0
MUG 6 digital Mutt blue,Mg-66 digital,0.5,7.57,8.33,0.2,0
MUG 6 digital Mutt white,Mg-66 digital,0.46,4.0,4.4,0.11,0
Mug 7 black,Sm-728,0.35,6.5,7.15,0.17,0
Mug 8 Black Mutt,Mg-8,0.33,3.32,3.65,0.09,0
Mug 9 black,Mg-8,0.28,4.91,5.4,0.13,0
Mug 9 D blue,Mg-6-380,0.33,4.0,4.4,0.11,0
Mug 9 ( Jazz blue ),Mg-6-380,0.31,2.0,2.2,0.05,0
Mug 9 Green,Bamboo -,0.33,4.0,4.4,0.11,0
Mug 9 Grey,Bamboo -,0.29,4.0,4.4,0.11,0
Mug 9 white,Mg-8,0.28,0.0,0.0,0.0,0
Mug 9 handle black,Lc5-dual,0.4,5.97,6.57,0.16,0
Mug 9 handle Jazz Blue,Mg-8,0.41,4.0,4.4,0.11,0
Mug 9 handle Dark blue,Mg-8,0.41,4.0,4.4,0.11,0
Mug 9 handle Grey,Bamboo -,0.36,4.0,4.4,0.11,0
Mug 9 handle Red,Mg-8,0.33,0.0,0.0,0.0,0
Mug 9 handle Orange,Mg-8,0.35,5.0,5.5,0.13,0
Mug 11 White,101,0.27,3.85,4.24,0.1,0
Mug 12 black,LC-120-I,0.36,4.65,5.12,0.12,0
Mug 13 Mutt White,Sp-m-23,0.38,5.71,6.28,0.15,0
Mug 15 green,Bamboo -,0.32,0.66,0.73,0.02,0
Mug 15 pink,Kc-158,0.26,0.0,0.0,0.0,0
Mug 15 Red,241,0.29,0.0,0.0,0.0,0
Mug 15 Turquise,Bamboo -,0.3,0.0,0.0,0.0,0
Mug 15 violet purple,Mg-8,0.38,0.0,0.0,0.0,0
Mug 16 blue beige,Mg-6-380,0.45,7.04,7.74,0.19,0
Mug 16 purple pink,GS04,0.33,4.0,4.4,0.11,0
Mug 16 white purple,Mg-6-380,0.36,6.0,6.6,0.16,0
Mug 16 pink green,Bamboo -,0.36,0.0,0.0,0.0,0
Mug 16 black rose,Mg-6-380,0.38,3.0,3.3,0.08,0
Mug 16 pink purple,Sm-718,0.34,1.0,1.1,0.03,0
Mug 16 purple green,Mg-6-380,0.36,7.0,7.7,0.19,0
mug 17 silver,Sm-728,0.32,1.99,2.19,0.05,0
Mug 20 Cream,Sm-728,0.33,3.32,3.65,0.09,0
Mug 22 black,Sp-m-23-Light up,0.36,4.22,4.64,0.11,0
Mug 23 black,Sp-m-23-Light up,0.43,5.97,6.57,0.16,0
Mug 24 Black Mutt,Sp-m-23-Light up,0.42,3.69,4.06,0.1,0
Mug 24 White Mutt,Sp-m-23-Light up,0.48,9.0,9.9,0.24,0
Mug 25 Black,Sp-m-23-Light up,0.36,4.65,5.12,0.12,0
Mug 28 Set ( with mobile holder ) Blue,Mg-8,0.52,5.18,5.7,0.14,0
Mug 29 White Mutt S,SM-2,0.43,3.32,3.65,0.09,0
Mug 30 blue,Mg-6-380,0.38,5.71,6.28,0.15,0
Mug 31 mutt black,Mg-6-380,0.38,4.65,5.12,0.12,0
Mug 31 mutt blue,Mg-6-380,0.42,6.0,6.6,0.16,0
Mug 31 mutt white,Mg-6-380,0.38,5.0,5.5,0.13,0
Mug 32 black,Sm-728,0.33,5.71,6.28,0.15,0
Mug 34 black,Mg-6-380,0.29,8.63,9.49,0.23,0
Mug 34 blue,Mg-6-380,0.34,0.0,0.0,0.0,0
Mug 34 white,SM-4,0.32,0.0,0.0,0.0,0
Mug 34 purple,Mg-4013,0.29,0.0,0.0,0.0,0
Mug 34 green,Bamboo -,0.32,0.0,0.0,0.0,0
Mug 35 black,Mg-6-380,0.29,9.96,10.96,0.26,0
Mug 35 beige,Sp-m-23-Light up,0.43,0.0,0.0,0.0,0
Mug 35 pink,351,0.28,0.0,0.0,0.0,0
Mug 35 green,Bamboo -,0.32,0.0,0.0,0.0,0
Mug 35 yellow,Mg-6-380,0.37,0.0,0.0,0.0,0
Mug 36 black,Mg-6-380,0.29,7.3,8.03,0.19,0
Mug 37 Black,Sm-728,0.33,4.12,4.53,0.11,0
Mug 38 Black * Black,Mg-6-380,0.41,3.72,4.09,0.1,0
Mug 38 Blue * Black,Mg-6-380,0.45,0.0,0.0,0.0,0
Mug 38 Red Grey,Sp-m-23,0.36,5.0,5.5,0.13,0
Digital Mug 39 black,Mg-66 digital,0.43,5.71,6.28,0.15,0
Mug 40 Black Mutt,Mg-600,0.33,4.75,5.23,0.13,0
Mug 40 Blue Mutt,Mg-6-380,0.42,6.0,6.6,0.16,0
mug 40 gun,Sm-728,0.25,10.0,11.0,0.27,0
Mug 41 black,LC-120-I,0.32,8.63,9.49,0.23,0
Mug 41 D blue,LC-120-Dual,0.33,5.0,5.5,0.13,0
Mug 44 black silver,Mg-8,0.35,6.24,6.86,0.17,0
Mug 45 black,Mg-8,0.27,5.97,6.57,0.16,0
Mug 45 gun,Sm-728,0.25,0.0,0.0,0.0,0
Mug 46 black,Mg-6-380,0.29,4.91,5.4,0.13,0
Mug 46 d.blue,Mg-6-380,0.37,5.0,5.5,0.13,0
Mug 46 gun,Sm-728,0.25,5.0,5.5,0.13,0
Mug 48 black (m),Mg-8,0.35,3.45,3.8,0.09,0
Mug 50 black,LC-120-I,0.32,5.71,6.28,0.15,0
Mug 50 blue,Mg-6-380,0.34,3.0,3.3,0.08,0
Mug 50 white,Mg-6-380,0.29,0.0,0.0,0.0,0
Mug 50 gun,Sm-728,0.25,3.0,3.3,0.08,0
Mug 51 black,LC-120-I,0.32,5.18,5.7,0.14,0
Mug 51 white,103,0.27,3.0,3.3,0.08,0
Mug 51 pink,351,0.28,0.0,0.0,0.0,0
MUG 52 White S,SM-2,0.39,7.04,7.74,0.19,0
Mug 52 White L,Mg-8,0.35,7.83,8.61,0.21,0
Mug 53 Black,Sp-m-23-Light up,0.36,3.85,4.24,0.1,0
Mug 53 Blue,Sp-m-23-Light up,0.44,7.0,7.7,0.19,0
Mug 53 Red,Sp-m-23-Light up,0.31,5.0,5.5,0.13,0
Mug 54 set black,SM-4,0.33,5.18,5.7,0.14,0
Mug 54 set blue,SM-4,0.38,0.0,0.0,0.0,0
Mug 56 black,Mg-6-380,0.29,6.77,7.45,0.18,0
ز mug 58 black ضف اطغ ي,Sm-728,0.33,5.18,5.7,0.14,0
mug 58 black فيفخ,Sm-728,0.33,3.19,3.51,0.08,0
Mug 58 Silver Mutt,Mg-600,0.32,5.18,5.7,0.14,0
Mug 58 Black Mutt,Mg-600,0.33,0.0,0.0,0.0,0
Mug 58 Gun طوطخ,Sm-728,0.38,0.0,0.0,0.0,0
Mug 58 Mutt black digital,Mg-8,0.46,5.97,6.57,0.16,0
Mug 58 Mutt Blue digital,Mg-8,0.5,3.0,3.3,0.08,0
Mug 59 black,Mg-8,0.27,4.91,5.4,0.13,0
Mug 59 d blue,Mg-6-380,0.33,3.0,3.3,0.08,0
Mug 59 white,351,0.27,5.0,5.5,0.13,0
Mug 59 gun,Sm-728,0.25,5.0,5.5,0.13,0
Mug 62 Black,Sm-728,0.33,5.18,5.7,0.14,0
Mug 64 black silver with suction,Mg-6-380,0.41,7.3,8.03,0.19,0
Mug 64 D blue silver with suction,Mg-6-380,0.46,3.0,3.3,0.08,0
Mug 66 black,Mg-6-380,0.29,6.24,6.86,0.17,0
Mug 69 black,Mg-6-380,0.29,5.18,5.7,0.14,0
Mug 69 blue,Mg-6-380,0.34,6.0,6.6,0.16,0
Mug 69 white,Mg-6-380,0.29,8.0,8.8,0.21,0
Mug 70 black gun,LC-120-I,0.33,7.7,8.47,0.2,0
Mug 71 black ( 2 in 1 ),Mg-8,0.35,12.61,13.87,0.33,0
Mug 72 black grey,LC-120-I,0.37,3.05,3.35,0.08,0
Mug 73 pink,Sp-m-23-Light up,0.37,4.38,4.82,0.12,0
Mug 73 blue,Sp-m-23-Light up,0.44,4.0,4.4,0.11,0
Mug 73 green,Sp-m-23-Light up,0.36,5.0,5.5,0.13,0
Mug 73 beige,Sp-m-23-Light up,0.43,4.0,4.4,0.11,0
Mug 74 pink,Sm-728,0.35,4.38,4.82,0.12,0
Mug 74 blue,Sm-728,0.35,2.0,2.2,0.05,0
Mug 74 green,Sm-728,0.33,3.0,3.3,0.08,0
Mug 74 beige,Sp-m-23-Light up,0.36,4.0,4.4,0.11,0
Mug 75 pink,Sm-728,0.35,4.38,4.82,0.12,0
Mug 75 blue,Sm-728,0.35,4.0,4.4,0.11,0
Mug 75 Light blue,Sp-m-23-Light up,0.61,3.0,3.3,0.08,0
Mug 75 green,Sm-728,0.33,3.0,3.3,0.08,0
Mug 76 black,Sm-728,0.33,4.12,4.53,0.11,0
Mug 76 blue,Sm-728,0.35,5.0,5.5,0.13,0
Mug 77 frost black,SM-2,0.32,5.18,5.7,0.14,0
Mug 77 frost blue,SM-2,0.37,5.0,5.5,0.13,0
Mug 78 frost blue,Mg-8,0.45,3.85,4.24,0.1,0
Mug 78 frost Orange,Mg-8,0.39,2.0,2.2,0.05,0
Mug 78 frost white,Mg-8,0.4,5.0,5.5,0.13,0
Mug 79 frost black,SM-2,0.32,4.75,5.23,0.13,0
Mug 79 frost blue,SM-2,0.37,5.0,5.5,0.13,0
Mug 80 black blue,Mg-6-380,0.45,3.05,3.35,0.08,0
Mug 80 black Orange,Mg-6-380,0.4,0.0,0.0,0.0,0
Mug 80 black Red,Mg-6-380,0.38,5.0,5.5,0.13,0
Mug 80 black green,Mg-6-380,0.41,5.0,5.5,0.13,0
Mug 81 Frost white,Mg-8,0.4,3.05,3.35,0.08,0
Mug 82 frost white,SM-2,0.44,2.6,2.86,0.07,0
Mug 83 black grey,Mg-8,0.37,4.38,4.82,0.12,0
Mug 83 black red,Mg-8,0.38,5.0,5.5,0.13,0
Mug 84 black,Sm-728,0.33,4.38,4.82,0.12,0
porcelin 3 ( 7*7 ),237,0.3,1.04,1.14,0.03,0
porcelin 6 بي هذ دي ضيبا,Sp-m-23-Light up,0.31,1.73,1.9,0.05,0
porcelin 6 بي هذ ةفشو دي ضيبا,Sp-m-23-Light up,0.31,5.0,5.5,0.13,0
porcelin 6 بي هذ دي دوسا,Sp-m-23-Light up,0.31,1.99,2.19,0.05,0
ز porcelin 7 ضي ف دي ضيبا,Sp-m-23-Light up,0.31,1.73,1.9,0.05,0
ز porcelin 7 ضي ف ةفشو دي ضيبا,Sp-m-23-Light up,0.31,6.0,6.6,0.16,0
ز porcelin 7 ضي ف دي دوسا,Sp-m-23-Light up,0.31,1.99,2.19,0.05,0
porecelin 8 black,EC-,0.51,1.83,2.01,0.05,0
porcelin 8 blue,168,0.33,4.0,4.4,0.11,0
porcelin 8 red,Box-Cable,0.3,4.0,4.4,0.11,0
porcelin cork 1,Cork,0.57,4.91,5.4,0.13,0
ر ع برم دلج يسوك,NB-Sticky-Plus-B5,0.5,2.79,3.07,0.07,0
ر رودم دلج يسوك,NB-Sticky-Plus-B5,0.5,2.79,3.07,0.07,0
Ceramic Coaster 1 ع برم,CC1,0.38,2.79,3.07,0.07,0
Ceramic Coaster 2 رودم,CC1,0.38,2.79,3.07,0.07,0
Coaster metal gun,Metal,0.51,5.18,5.7,0.14,0
NB 44 cork black,NB-,0.6,2.52,2.77,0.07,0
NB 44 cork special كتساب,Nb,0.58,2.52,2.77,0.07,0
NB 30 cork black,NB-,0.6,2.52,2.77,0.07,0
NB 23 cork black,NB-,0.6,2.92,3.21,0.08,0
رودم Coaster cork,Coaster-MG1,0.77,3.19,3.51,0.08,0
ع برم Coaster Cork,CC1,0.87,3.19,3.51,0.08,0
CH 23 cork,Cork,0.5,1.19,1.31,0.03,0
CH 31 cork,Cork,0.5,1.19,1.31,0.03,0
CH 7 cork,Cork,0.5,1.19,1.31,0.03,0
bag 1 hand,Bag-115-hand,0.79,7.04,7.74,0.19,0
Bag 2 cross,Bag-215-hand,0.68,4.65,5.12,0.12,0
bag 3 hand black,Bag-301,0.63,4.65,5.12,0.12,0
bag 4 cross black,Bag-401,0.81,7.83,8.61,0.21,0
bag 5 cross black,LC120-B-dual-eva Circle,0.34,7.7,8.47,0.2,0
bag 6 black,Lc5-dual,0.28,17.79,19.57,0.47,0
Bag 7 new black,LC-1,0.28,9.16,10.08,0.24,0
bag 8 black,Bag-801,0.77,11.68,12.85,0.31,0
Bag 9 black,Lc5-dual,0.28,7.83,8.61,0.21,0
Bag 10 Black,LC-120-I,0.36,4.65,5.12,0.12,0
Bag 11 Large,Bag-111,0.81,14.47,15.92,0.38,0
Bag 11 Medium,Bag-111,0.75,11.81,12.99,0.31,0
Bag 13 Beige,Sp-m-23-Light up,0.36,3.72,4.09,0.1,0
Bag 14 black,LC-120-I,0.32,18.45,20.3,0.49,0
Bag 15 large,Box-Cable,0.31,15.66,17.23,0.42,0
Bag 15 small,Small,0.42,11.95,13.14,0.32,0
Bag 16 D.Grey,Bamboo -,0.31,4.65,5.12,0.12,0
Bag 16 New Black,Ca-1,0.35,4.38,4.82,0.12,0
Bag 16 black leather small,LC-120-I,0.45,2.92,3.21,0.08,0
bag 18 new black,Ca-1,0.35,7.83,8.61,0.21,0
Bag 20 black,LC-120-I,0.36,16.59,18.25,0.44,0
Bag 22 black,LC-120-B-Dual,0.29,4.12,4.53,0.11,0
Bag 22 white,Sp-m-23-Light up,0.36,5.0,5.5,0.13,0
Bag 23 black,Sp-m-23-Light up,0.36,7.3,8.03,0.19,0
Bag 25 black,LC-120-B-Dual,0.29,9.96,10.96,0.26,0
Bag 26,Sm-728,0.33,8.5,9.35,0.23,0
bag 28 black,Sm-728,0.33,13.94,15.33,0.37,0
Bag 30 black,Bag-301,0.61,17.26,18.99,0.46,0
عينصت Bag 31 new,Bag-801,0.75,1045.0,1149.5,27.74,0
Bag 32 black ( trolly ) Foldable for space saving,S100-Bamboo,0.42,1210.0,1331.0,32.13,0
Bag 33 Black,Sp-m-23-Light up,0.29,10.22,11.24,0.27,0
Bag 35 Black,Lc5-dual,0.27,4.38,4.82,0.12,0
Bag 38 black,Mg-6-380,0.29,6.64,7.3,0.18,0
Bag 39 black,Lc5-dual,0.27,5.97,6.57,0.16,0
Bag 40 black,Bag-401,0.8,4.91,5.4,0.13,0
Bag 42 black,LC-120-B-Dual,0.29,6.64,7.3,0.18,0
Bag 46 black,Lc5-dual,0.27,9.16,10.08,0.24,0
Bag 46 blue,W4,0.3,5.0,5.5,0.13,0
Bag 47 black,Lc5-dual,0.27,9.16,10.08,0.24,0
Bag 47 blue,W4,0.3,5.0,5.5,0.13,0
Bag 48 black,Mg-8,0.27,7.45,8.2,0.2,0
Bag 48 blue,Mg-8,0.33,0.0,0.0,0.0,0
BAG 49 SMALL BLACK,Small,0.45,5.18,5.7,0.14,0
دوسا لبح ةطنش,NB-Sticky-Plus-B5,0.5,0.93,1.02,0.02,0
قرزأ لبح ةطنش,NB-Sticky-Plus-B5,0.5,5.0,5.5,0.13,0
ضيبأ لبح ةطنش,NB-Sticky-Plus-B5,0.5,7.0,7.7,0.19,0
دوسا 1 طسو هطنش,Ca-1,0.93,2.79,3.07,0.07,0
قرزا 1 طسو هطنش,Ca-1,0.93,1.0,1.1,0.03,0
دوسا 3 طسو ةطنش,SM-3,0.93,5.26,5.79,0.14,0
يدامر 3 طسو ةطنش,SM-3,0.93,1.0,1.1,0.03,0
قرزا 3 طسو ةطنش,SM-3,0.93,5.0,5.5,0.13,0
white*blue handle,LC-120-I,0.41,1.73,1.9,0.05,0
white*white handle,4071,0.32,0.0,0.0,0.0,0
white*black handle,MP01,0.34,0.0,0.0,0.0,0
white*Red handle,PP01,0.34,0.0,0.0,0.0,0
Red*black handle,MP01,0.35,0.0,0.0,0.0,0
white*green handle,Ca-1,0.33,0.0,0.0,0.0,0
light grey*black handle,MP03,0.34,0.0,0.0,0.0,0
yellow*black handle,MP01,0.33,4.0,4.4,0.11,0
orange*black handle,MP01,0.36,0.0,0.0,0.0,0
white*white handle,4071,0.32,1.46,1.61,0.04,0
white*black handle,MP01,0.34,0.0,0.0,0.0,0
white*Red handle,PP01,0.34,4.0,4.4,0.11,0
Red*black handle,MP01,0.35,0.0,0.0,0.0,0
white*green handle,Ca-1,0.33,2.0,2.2,0.05,0
l i g h t g r e y * b l a c k h a n d l e,LC-120-I Watch,0.42,165.0,181.5,4.38,0
yellow*black handle,MP01,0.33,5.0,5.5,0.13,0
orange*black handle,MP01,0.36,0.0,0.0,0.0,0
Felt bag 5 black,LC120-B-dual-eva,0.36,3.72,4.09,0.1,0
Felt bag 5 Dark blue,LC-120-B-Dual,0.35,3.72,4.09,0.1,0
Felt bag 5 brown,Set-8,0.32,3.72,4.09,0.1,0
Felt bag 5 Grey,Box-Cable,0.29,987.0,1085.7,26.2,0
Felt bag 6 black,LC120-B-dual-eva,0.36,2.79,3.07,0.07,0
Felt bag 6 grey,Float-Be,0.31,2.79,3.07,0.07,0
Felt bag 6 brown,Mg-66,0.32,2.79,3.07,0.07,0
Felt bag 6 green,El-36,0.32,2.79,3.07,0.07,0
Felt bag 6 Red,Float-Be,0.32,2.79,3.07,0.07,0
Felt bag 7 black,LC120-B-dual-eva,0.36,2.79,3.07,0.07,0
Felt bag 7 D blue,Float-Be,0.34,2.79,3.07,0.07,0
Felt bag 7 Grey,Box-Cable,0.29,2.79,3.07,0.07,0
Felt bag 7 brown,Bg-703,0.33,2.79,3.07,0.07,0
Felt bag 7 green,LC-120-B-Dual,0.3,2.79,3.07,0.07,0
Felt bag 7 Red,Bg-703,0.31,2.79,3.07,0.07,0
كد ةطنش,NB-Sticky-Plus-B5,0.5,1.19,1.31,0.03,0
Cooler Bag 1 Black * Grey,LC-1,0.39,6.64,7.3,0.18,0
cooler bag 4 black,Lc5-dual,0.36,3.85,4.24,0.1,0
cooler bag 4 blue,W4,0.38,1.0,1.1,0.03,0
cooler bag 4 grey,Box-Cable,0.36,2.0,2.2,0.05,0
cooler bag 4 orange,Box-Cable,0.38,3.0,3.3,0.08,0
Lap Sleeve 1 black,LC120-Single,0.41,11.15,12.27,0.3,0
Lap Sleeve 2 black,LC120-Single,0.41,13.81,15.19,0.37,0
Lap Sleeve 3 black,LC120-Single,0.41,13.81,15.19,0.37,0
2 وسيي سا ةنيكام,2020-S-2,1.42,1155.0,1270.5,30.67,0
Coffe Machine 2 black,Box-Cable,0.37,5060.0,5566.0,134.34,0
Coffe Machine 3 black,Box-Cable,0.37,4180.0,4598.0,110.98,0
G 11 BLUE,Mg-8,0.29,10.0,11.0,0.27,0
G 11 ORANGE,101,0.32,0.77,0.85,0.02,0
G 12 BLUE BIG,Sp-m-23-Light up,0.41,0.0,0.0,0.0,0
G 12 RED BIG,Sp-m-23-Light up,0.36,1.0,1.1,0.03,0
G 12 ORANGE SMALL,LC-120-I,0.41,6.0,6.6,0.16,0
G 12 BLUE SMALL,LC-120-I,0.47,0.15,0.17,0.0,0
G 12 GREEN SMALL,LC-120-I,0.42,6.0,6.6,0.16,0
G 12 RED SMALL,LC-120-I,0.39,2.0,2.2,0.05,0
G 12 WHITE SMALL,LC-120-I,0.42,4.0,4.4,0.11,0
G 17 RED,Sm-728,0.29,0.77,0.85,0.02,0
G 39 Black,Lc5-dual,0.29,7.3,8.03,0.19,0
G 42 Large,Sp-m-23-Light up,0.38,2.26,2.49,0.06,0
Car Extra Pocket,CC1,0.38,0.5,0.55,0.01,0
Box Ramadan,Box,0.49,1650.0,1815.0,43.81,0
Sun shade 2 Silver*black,LC120-Single,0.37,2.02,2.22,0.05,0
Sun shade 2 Silver*Blue,Sp-m-23-Light up,0.41,6.0,6.6,0.16,0
SUN SHADE 3 BLACK * SILVER GOLD HAND,Ec-Ch-20-Blue,0.4,4.78,5.26,0.13,0
Sun Shade 4 silver silver,Lc5-dual,0.39,2.26,2.49,0.06,0
Sun shade 5 Silver*Blue,Mg-8,0.33,0.0,0.0,0.0,0
دوسا هسدع,NB-Sticky-Plus-B5,0.5,1.99,2.19,0.05,0
CAP 2 L.BLUE,Sp-m-23-Light up,0.5,0.48,0.53,0.01,0
Cap 3 black,Sp-m-23-Light up,0.37,1.27,1.4,0.03,0
Cap 3 blue,Sp-m-23-Light up,0.46,5.0,5.5,0.13,0
Cap 3 white,Sp-m-23-Light up,0.44,4.0,4.4,0.11,0
G 1 Blue,Mg-8,0.3,0.77,0.85,0.02,0
G 1 Pink,351,0.26,5.0,5.5,0.13,0
G 6 BLACK,Lc5-dual,0.29,4.91,5.4,0.13,0
G 6 BLUE,Mg-6-380,0.32,7.0,7.7,0.19,0
G 22 black,LC-120-I,0.33,2.26,2.49,0.06,0
G 22 white,Sp-m-23-Light up,0.38,5.0,5.5,0.13,0
G 23 black,Sp-m-23-Light up,0.38,2.92,3.21,0.08,0
G 23 white,Sp-m-23-Light up,0.46,5.0,5.5,0.13,0
G 24 black,LC-120-I,0.33,2.92,3.21,0.08,0
G 24 blue,Sp-m-23-Light up,0.4,5.0,5.5,0.13,0
G 24 white,Sp-m-23-Light up,0.38,5.0,5.5,0.13,0
G 25 black,LC-120-I,0.33,2.26,2.49,0.06,0
G 25 white,Sp-m-23-Light up,0.38,5.0,5.5,0.13,0
"G 27 "" 4 Cup Holder """,Sp-m-23-Light up,0.36,2.52,2.77,0.07,0
G 30,Mg-6-380,0.2,9.29,10.22,0.25,0
G 33 Black,Sp-m-23-Light up,0.31,3.58,3.94,0.1,0
G 33 Blue,Sp-m-23-Light up,0.4,3.0,3.3,0.08,0
G 33 Red,351,0.26,0.0,0.0,0.0,0
G 34 blue,Mg-6-380,0.31,3.58,3.94,0.1,0
G 34 pink,W4,0.27,3.0,3.3,0.08,0
ر ليبوم لماح باش _________ G 36 لاقترب,Sm-728,0.7,0.21,0.23,0.01,0
G 44 Coffe,Kc 414,0.26,3.19,3.51,0.08,0
G 44 Pink,W4,0.27,4.0,4.4,0.11,0
G 45 pink,W4,0.27,0.77,0.85,0.02,0
G 45 Coffee,Mg-8,0.28,5.0,5.5,0.13,0
G 46 Green Red,SM-4,0.35,0.77,0.85,0.02,0
G 47 Yellow,Mg-8,0.33,0.77,0.85,0.02,0
G 48 Silver,Mg-8,0.28,7.83,8.61,0.21,0
G 49 Pink,W4,0.27,5.04,5.54,0.13,0
Chair 1 Black,LC-120-I,0.36,7.04,7.74,0.19,0
Chair 2 blue,Sp-m-23-Light up,0.36,3.85,4.24,0.1,0
Chair 3 Black,Lc5-dual,0.31,14.34,15.77,0.38,0
Chair 4 black (set),Lc5-dual,0.37,1012.0,1113.2,26.87,0
Chair 4 blue (set),CC1,0.34,1.0,1.1,0.03,0
Travel Kit 1 ( 6 in 1 ) black grey,13-5,0.41,11.28,12.41,0.3,0
دوسأ ةبقر ةدخم,NB-Sticky-Plus-B5,0.5,3.32,3.65,0.09,0
قرزأ ةبقر ةدخم,NB-Sticky-Plus-B5,0.5,0.0,0.0,0.0,0
ز سكول تكار بضم,NB-Sticky-Plus-B5,0.5,3.32,3.65,0.09,0
رحب هطوف,NB-Sticky-Plus-B5,0.5,5.18,5.7,0.14,0
كيتسلاب رياط قبط,NB-Sticky-Plus-B5,0.5,0.5,0.55,0.01,0
T Shirt,CC1,0.32,3.85,4.24,0.1,0
T shirt Polo medium blue,Pen Holder,0.32,5.97,6.57,0.16,0
T shirt Polo large blue,LC-120-Dual,0.34,0.0,0.0,0.0,0
T shirt Polo 2X large blue,S5 white,0.33,0.0,0.0,0.0,0
) يز شو ( رحب ةيقاط,NB-Sticky-Plus-B5,0.5,0.0,0.0,0.0,0
Spinner 6,Sp-m-23-Light up,0.32,2.79,3.07,0.07,0
Spinner 7,Sm-728,0.4,2.79,3.07,0.07,0
