0,1,2,3,4,5,6,7,8,9
FLASH MEMORY,,,,,,,,,
PIC,CODE,هدبع,عىرفلا,ةكسلا,QTY,Price,SOCIAL MEDIA,,
,F 4 16 GB white light Shiny Logo,1500,168,9,1677,235.0,295,,
,F 6 D.grey shinny gun shiny logo 16 GB,0,12,0,12,275.0,295,,
,F 6 Black shinny gun shiny logo16 GB,0,6,0,6,,,,
,F 6 L.grey shinny gun shiny logo 16 GB,0,15,0,15,,,,
,F 7 16 GB WHITE LIGHT shiny logo,1500,44,8,1552,235.0,295,,
,F 8 Silver shiny logo 32gb,0,28,0,28,275.0,315,,
F 9 Special,F 9 blue gun shinny 16GB,0,16,0,16,239.0,295,,
,F 9 blue gold 16GB,0,8,0,8,,,,
,f 9 D.Grey gun shinny 16G,0,16,0,16,,,,
,F 9 blue black mutt 16GB,200,69,5,274,275.0,305,,
F 9 New,F 9 White Silver New 16GB,0,7,0,7,239.0,295,,
,F 10 Black 16GB,0,72,7,79,225.0,275,,
,F 11 Gun Mutt 16GB,0,8,0,8,225.0,275,,
,F 11 Gun Shinny 16GB,0,7,0,7,,,,
,F 11 Silver Matt 16GB,0,19,8,27,,,,
,F 14 black mutt 16 G.B,0,9,6,15,215.0,255,,
,F 14 gun shinny 16 G.B,0,42,5,47,,,,
,F 14 silver mutt 16 G.B,900,5,5,910,,,,
,F 21 black mutt shiny logo 16 G.B,0,0,7,7,,,,
,F 21 Shinny Gun shiny logo 16 G.B,0,6,0,6,275.0,315,,
,F 22 black mutt shiny logo 16 G.B,130,46,7,183,275.0,315,,
,F 22 shinny gun shiny logo 16 G.B,400,10,3,413,,,,
,F 23 black mutt logo 16 GB,1180,14,4,1198,275.0,315,,
,F 25 black mutt shiny logo 32GB,0,28,0,28,275.0,315,,
,F 25 gun mutt 32GB,0,3,0,3,,,,
,F 26 black mutt shiny logo 32GB,0,26,5,31,275.0,315,,
,F 26 shinny gun shiny logo 32GB,0,23,5,28,,,,
,F 28 black mutt 32 GB,0,0,0,0,275.0,315,,
,F 28 gun shinny 32 GB,0,0,0,0,,,,
,F 29 black mutt shiny logo 32GB,900,50,8,958,265.0,305,,
,F 30 black mutt shiny logo 32GB,480,35,4,519,265.0,305,,
,F 31 gun shinny 16GB,0,21,6,27,175.0,195,,
,F 31 silver mutt 16GB,220,32,5,257,,,,
,F 33 BLACK MUTT 16 G.B,0,36,0,36,175.0,195,,
,F 33 GUN SHINNY 16 G.B,0,78,0,78,,,,
,f 36 black shiny logo 16 GB,0,30,0,30,275.0,315,,
,f 36 white shiny logo 16 GB,0,2,0,2,,,,
,F 44 black mutt shiny logo 16GB,125,20,1,146,275.0,315,,
,flash card metal gold 16G,0,223,6,229,165.0,195,,
,flash card metal silver 16G,0,4,0,4,,,,
POWER BANKS & TORCHES,,,,,,,,,
PIC,CODE,هدبع,عىرفلا,ةكسلا,QTY,Price,SOCIAL MEDIA,,
,Power bank 8 black ( 9000 mAh / lightning logo ),720,12,7,739,745.0,875,,
,Power bank 9 black ( 3000 mAh / mirror logo / wireless ),150,46,0,196,690.0,755,,
,Power bank 12 black ( 10000 mAh / lightning / Wireless / Stand ),500,26,6,532,"1,150.0","1,290",,
,Power bank 13 black ( 10000 mAh ),1550,0,0,1550,585.0,695,,
,Power bank 14 black ( 10000 mAh ),50,0,0,50,845.0,925,,
,Power bank 18 Black ( 10000 mAh / lightning logo ),0,1,0,1,595.0,695,مقطا عم طقف NB set 11,
,Power bank 18 Blue ( 10000 mAh / lightning logo ),0,7,0,7,595.0,695,,
,Power bank 20 black ( 10000 mAh / light led ),300,106,0,406,495.0,595,,
,Power bank 22 Black ( 10000 mAh / Wireless lighting Logo ),50,34,5,89,725.0,775,,
,Power bank 22 Blue ( 10000 mAh/Wireless lighting Logo ),350,36,2,388,,,,
,Power bank 22 D Grey ( 10000 mAh / Wireless / lighting Logo ),150,87,0,237,,,,
,Power bank 26 black ( 10000 mAh / wireless charging Phone - watch - Airpod ),1080,47,7,1134,"1,050.0","1,175",,
,Power bank 30 ( 5000 mAh / wireless charger / Very strong Massager ) White,132,35,3,170,680.0,745,,
,Power bank 34 Black ( 10000 mAh / wireless charger / lightning logo / mega safe ),0,1,0,1,875.0,995,,
,,100,5,5,110,"1,050.0","1,150",,
,Power bank 35 White ( 10000 mAh / mobile stand ),0,16,0,16,395.0,475,,
,Power bank 37 Black ( 20000 mAh / torch / built in cable ),680,18,10,708,675.0,745,,
,Power bank 44 Black ( Wireless stand / lightning lamp ),96,16,5,117,"1,450.0","1,550",,
,Power bank 49 black ( 10000 mAh,0,5,0,5,"1,150.0","1,250",,
"mobile holders, lamps , fans , selfie stick & head phone",,,,,,,,,
PIC,CODE,هدبع,عىرفلا,ةكسلا,QTY,Price,SOCIAL MEDIA,,
,Lamp USB 4 Black,0,1,0,1,295.0,325,,
,Lamp USB 4 White,192,34,6,232,,,,
,Lamp USB 5 ( MULTI FUNCTION - WIRELESS CHARGER - DIGITAL CLOCK ) Black,0,0,0,0,"1,150.0","1,350",,
,Lamp USB 8 Black ( Lamp / Clock / bluetooth Speaker / wireless charging ),510,18,4,532,"1,250.0","1,350",,
,Lamp USB 8 White ( Lamp / Clock / bluetooth Speaker / wireless charging ),170,7,6,183,,,,
,Lamp USB 9 black ( Lamp / pen holder / wireless charging ),0,88,5,93,485.0,585,,
,mobile holder 2 grey * blue,0,31,6,37,55.0,85,,
,mobile holder 2 white * blue,0,135,4,139,,,,
,mobile holder 3 Black,0,12,0,12,65.0,95,,
"Cables, Connectors & Car Charger",,,,,,,,,
PIC,CODE,هدبع,عىرفلا,ةكسلا,QTY,Price,SOCIAL MEDIA,,
,Cable 2 Eco Material,1500,90,7,1597,150.0,195,,
,Cable 3 ( 4 in 1 cable / android - iphone - type C - Apple watch charger ) Black,3000,222,12,3234,215.0,295,,
,Cable 5 Grey Gun,0,74,10,84,215.0,245,,
,Cable 6 ( wireless 15W / lightening logo / fast charging for micro - iphone - Type C ),4100,97,8,4205,275.0,295,,
,CABLE 7 BLACK,0,29,0,29,65.0,85,,
,Cable 9 ( 2*1 ),0,154,3,157,75.0,85,,
,Cable 13 new Black,0,263,6,269,145.0,165,,
,Cable 14 Black Long mutt,0,419,11,430,145.0,175,,
,Cable 14 short black shinny,0,569,5,574,95.0,145,,
,Cable 15 ( 3 in 1 cable / lightening logo ) Black,0,117,0,117,195.0,235,,
,Cable 17 Black silver,450,99,12,561,125.0,175,,
,Cable 22 black ( 4 in 1 ),6600,191,7,6798,59.0,95,,
,Cable 23 black ( 4 in 1 ) ( Cigarette lighter / Torch ),1500,46,7,1553,195.0,255,,
,Cable 24 black ( 4 in 1 ),600,246,8,854,59.0,95,,
,Cable 25 black gun ( key chain ),200,54,5,259,185.0,225,,
,Connector 7 ( With Cable 3 and POUCH ) Black,300,80,1,381,795.0,920,لماش رعسلا 3 لباك رعس هعاسلا نحاش,
,Connector 8 With POUCH White,300,113,7,420,550.0,625,,
,Car charger 1,400,133,6,539,90.0,145,,
,Car charger 2,800,4,5,809,90.0,145,,
,Car charger 3,1400,50,8,1458,150.0,195,,
,Car charger 4 ( wireless charging Iphone - watch - airpod / lightning logo ),500,25,8,533,560.0,690,,
,Car charger 5 ( built in cables ),1000,151,8,1159,340.0,395,,
SPEAKERS & SMART WATCH,,,,,,,,,
PIC,CODE,هدبع,عىرفلا,ةكسلا,QTY,Price,SOCIAL MEDIA,,
,Speaker 1,0,0,0,0,2 75.0,345,,
,Speaker 2 black,500,0,0,500,"1,650.0","1,850",,
,Speaker 2 beige,200,0,0,200,"1,650.0","1,850",,
,Speaker 3 black ( lightning logo ),400,65,7,472,8 45.0,945,,
,Speaker 6 Blue,0,12,0,12,4 50.0,525,,
,Speaker 6 White,0,38,0,38,,,,
,Speaker 7 Orange,330,0,0,330,2 75.0,345,,
,Speaker 7 blue,325,0,0,325,,,,
,Speaker 7 green,325,0,0,325,,,,
,Speaker 9 Black,811,0,0,811,2 85.0,355,,
,Speaker 9 Blue,102,0,0,102,,,,
,Speaker 9 Red,103,0,0,103,,,,
,Speaker 10 Black,0,49,5,54,4 25.0,525,,
,Speaker 11 black,648,0,0,648,2 95.0,375,,
,Speaker 11 blue,93,0,0,93,,,,
,Speaker 11 orange,187,0,0,187,,,,
,Speaker 12 grey new,0,13,0,13,2 95.0,375,,
,Speaker 13 black,949,0,0,949,2 95.0,345,,
,Speaker 22 Silver,0,41,0,41,5 95.0,695,,
,Speaker 30 Black Set,0,10,6,16,4 50.0,525,,
,Headphone 1 black,500,0,0,500,3 75.0,425,,
,Headphone 2 black,500,0,0,500,4 15.0,515,,
,Airbods 1 black,200,0,0,200,5 60.0,660,,
,Airbods 2 black,200,0,0,200,8 20.0,920,,
,Smart Watch 1,0,64,2,66,5 90.0,690,,
Mouses & Mouse Pad,,,,,,,,,
PIC,CODE,هدبع,عىرفلا,ةكسلا,QTY,Price,SOCIAL MEDIA,,
,mouse 1 Dark blue,0,21,0,21,145.0,185,,
,Mouse 1 white,0,185,2,187,,,,
,mouse 8 black gun,1500,7,11,1518,185.0,225,SETS,
,mouse 8 Blue,200,296,1,497,,,,
,mouse 9 black bluetooth,0,13,0,13,95.0,137,Stock,
,mouse 10 gun bluetooth,0,7,0,7,105.0,130,Stock,
,/ Mouse 11 ( lightening / built in battery bluetooth ) Black,0,1,4,5,,,,
,/ Mouse 11 ( lightening / built in battery bluetooth ) Blue,3000,16,6,3022,190.0,245,SETS,
,/ Mouse 11 ( lightening / built in battery bluetooth ) Gun,600,58,7,665,,,,
,/ Mouse 11 ( lightening / built in battery bluetooth ) White,1600,167,8,1775,,,,
,"mouse 12 black "" LIGHTING "" LOGO",0,74,11,85,125.0,145,,
,""" Mouse Pad 1 black "" WIRELESS",0,515,0.00,515,250.0,350,,
,Mouse Pad 3 black,1230,12,4,1246,185.0,225,,
"Notebooks, Agenda & Note Book Sets",,,,,,,,,
PIC,CODE,هدبع,عىرفلا,ةكسلا,QTY,Price,SOCIAL MEDIA,,
,NB 2 ( mobile stand ) Black,250,39,15,304,,235,,
,NB 2 ( mobile stand ) Blue,550,11,8,569,195.0,,,
,NB 4 black,0,0,0,0,65.0,95,طقف % 5 مصخ طقف %5 مصخ,
,NB 6 black,0,0,2,2,95.0,145,,
,NB 6 blue,0,2,0,2,,,,
,NB 6 grey,0,15,2,17,,,,
,NB 6 coffee,0,0,0,0,,,,
,NB 7 blue,650,39,7,696,145.0,175,,
,NB 8 black,1400,70,2,1472,195.0,245,,
,NB 9 Brown large,0,104,0,104,95.0,135,,
,NB 10 black Metal M,3700,29,6,3735,195.0,245,,
,NB 10 blue Metal M,1600,46,4,1650,,,,
,NB 10 L.Grey M,0,24,0,24,,,,
,NB 11 black,0,42,1,43,265.0,285,,
,NB 12 black grey,0,51,5,56,215.0,265,SETS,
,NB 13 black,480,41,11,532,155.0,215,,
,NB 14 black silver,960,45,2,1007,245.0,295,,
,NB 15 black,0,88,0,88,225.0,275,,
,NB 16 black,0,0,2,2,135.0,185,,
,NB 16 blue,0,0,0,0,,,,
,NB 24 black,0,51,5,56,145.0,195,,
,NB 25 black,0,91,5,96,145.0,195,,
,NB 26 Black Medium,1650,87,8,1745,160.0,215,,
,NB 26 Blue Medium,1350,100,9,1459,,,,
,NB 30 D.grey Medium,50,46,0,96,195.0,245,,
,NB 30 L.grey Medium,0,32,6,38,,,,
,NB 30 black Medium,0,133,8,141,,,,
,NB 30 blue Medium,1050,40,8,1098,,,,
,nb 44 black مارج 80 هقرو 100 مي يرك قرو,92,152,4,248,,95,,
,nb 44 blue مارج 80 هقرو 100 مي يرك قرو,1316,33,1,1350,69.0,,,
,nb 44 white مارج 80 هقرو 100 مي يرك قرو,704,63,1,768,,,,
,nb 44 Black سيطانغمب,810,211,0,1021,,145,,
,nb 44 Blue سيطانغمب,0,0,0,0,105.0,,,
,بارجب NB 47 black,401,0,0,401,115.0,165,,
,NB 48 black,720,83,5,808,145.0,190,,
,NB 50 Blue M New,1796,242,13,2051,,,,
,NB 50 Black M New,700,25,7,732,165.0,195,,
,NB 50 Grey M New,0,43,1,44,,,,
,NB set 1 black,1120,30,6,1156,620.0,750,,
,NB set 2 black,,0,0,0,620.0,750,,
,NB set 4 black,0,0,0,0,165.0,215,,
,NB set 4 green,0,18,0,18,,,,
,NB set 4 red,0,3,5,8,,,,
,NB set 4 purple,0,35,3,38,,,,
,NB set 5 black,300,50,5,355,245.0,295,,
,NB set 6 black,0,7,0,7,245.0,295,,
,NB set 7 black,1600,21,0,1621,95.0,155,ملقلاب رعسلا صاصر ر مصخ يساملوف طقف 5% MrHany,
,NB set 7 blue,70,0,0,70,,,,
,NB Set 10 Black,1380,54,13,1447,465.0,540,لماش رعسلا كوب تونلا ملقلاو ةيلاديملاو,
,NB Set 10 Blue,1620,29,5,1654,,,,
,NB Set 10 dark grey,630,49,3,682,,,,
,NB Set 10 Black With CH,90,7,8,105,560.0,640.0,لماش رعسلا كوب تونلا ملقلاو ةيلاديملاو ةتاركلاو,
,NB Set 10 D.Blue With CH,420,37,14,471,,,,
,NB Set 10 Grey With CH,0,0,0,0,,,,
,NB Set 10 with TK 16 Black,1055,0,0,1055,720.0,820.0,لماش رعسلا كوب تونلا ملقلاو ةيلاديملاو ي كيدابلا مقطو,
,NB Set 10 with TK 16 Blue,142,0,0,142,,,,
,NB set 11 black,1960,15,5,1980,295.0,395,ي غ رعسلا روابو ملق لماش و هتارك وا كناب وا ةشلاف ةيلاديم,
,NB set 11 blue,220,29,6,255,,,,
,NB Set 12 black,1,0,0,1,390.0,490,ي غ رعسلا ملق لماش ةشلافو روابو ةيلاديمو هتارك وا كناب,
,NB Set 12 Grey,46,0,0,46,,,,
,NB set 13 black,720,67,7,794,325.0,425,ي غ رعسلا ملقلا لماش ةشلافلاو,
,NB set 13 blue,520,31,5,556,,,,
,NB set 14 black,0,1,0,1,295.0,365,ي غ رعسلا ملقلا لماش,
,NB set 14 blue,0,37,0,37,,,,
,NB set 14 white,230,7,5,242,,,,
,NB set 14 black design,1000,0,0,1000,250.0,290,ي غ رعسلا ملقلا لماش,
,NB set 14 blue design,1000,0,0,1000,250.0,290,,
,NB set 14 white design,1108,0,0,1108,250.0,290,,
,NB set 16 green,60,52,3,115,145.0,225,لمشي رعسلا ملقلا,
,NB set 16 pink,60,51,3,114,,,,
,NB set 16 purple,60,49,3,112,,,,
,NB set 16 white,60,54,3,117,,,,
,NB set 17 green,60,44,3,107,145.0,225,لمشي رعسلا ملقلا,
,NB set 17 pink,60,38,3,101,,,,
,NB set 17 purple,60,42,3,105,,,,
,NB set 17 white,60,45,2,107,,,,
,NB set 18 black with rope bag,1780,12,6,1798,350.0,425,لمشي رعسلا ةطنش,
,NB set 19 black with rope bag,960,39,5,1004,350.0,425,لمشي رعسلا ةطنش,
,NB set 20 black with rope bag,620,9,5,634,395.0,475,لمشي رعسلا ةطنش,
,NB set 21 black,1640,25,4,1669,475.0,575,لمشي رعسلا EP 56 Black KH 23 + black shinny gun,
,NB set 21 blue,600,38,3,641,475.0,575,لمشي رعسلا + EP5 blue KH 23 blue shinny gun,
,NB SET 25 BLACK,1570,76,6,1652,195.0,245,لمشي رعسلا كوب تونلا مقط طقف,
pic,NB SET 25 BLUE,1240,39,7,1286,,,,
Set contains ( Notebook - pen set ),,,,,,,,,
,NB SET 26 BLUE,0,7,0,7,675.0,725,لماش رعسلا لاتيجيد 52 جام ندعم ملقو كوب تونو,
,NB SET 26 WHITE,280,20,5,305,,,,
Set contains ( Notebook - digital mug - Elegant pen ),,,,,,,,,
,NB SET 27 BLACK,1600,35,5,1640,790.0,875,لمشي لا رعسلا وا كناب روابلا ةشلاف,
2025 / 2026 Calender Notebook - mug - metal pen if added flash pls add cost If with Power bank Pls added price,,,,,,,,,
Folders & Smart Folders,,,,,,,,,
PIC,CODE,هدبع,عىرفلا,ةكسلا,QTY,Price,SOCIAL MEDIA,,
,FL 6 ( 5000 mAh / inner wallet / card holder / wireless 10W ) Black,900,47,6,953,875.0,"1,150",,
,FL 7 wireless charger grey,0,3,0,3,975.0,"1,190",,
,FL 7 wireless charger black,40,12,9,61,,,,
,FL 7 wireless charger blue,0,58,1,59,,,,
,FL 8 ( 8000 mAh / wireless 10W / lightening logo / mega safe ) Black,200,20,4,224,"1,250.0","1,450",,
,FL 9 ( 8000 mAh / mega safe / 3 in 1 wireless 10W - watch - airpod - phone ) Black,680,19,5,704,"1,250.0","1,450",,
,FL 10 ( 8000 mAh / mega safe / 3 in 1 wireless 10W - watch - airpod - phone ) Black,640,32,5,677,975.0,"1,190",,
,FL 11 ( Box / 8000 mAh / wireless 10W / lightening logo / mega safe / 16GB flash ) Black,940,26,10,976,"1,190.0","1,290",ملق رعس فاضي ز هبلع في ندعم ملق ناكم اياده,
,FL 18 black,940,66,4,1010,40.0,-,Stock لع شطحتيمو لا Website,
,FL 20 ( 5000 mAh wireless ) Black,380,4,5,389,"1,150.0","1,295",,
,FL 21 ( 4000 mAh wireless ) Black,0,13,1,14,950.0,"1,100",,
,FL 22 ( 5000 mAh wireless ) Black,0,12,0,12,950.0,"1,100",,
,FL 45 ( 5000 mAh / 16GB flash ) Black,220,10,2,232,"1,100.0","1,200",,
Memo Pad & Calender,,,,,,,,,
PIC,CODE,هدبع,عىرفلا,ةكسلا,QTY,Price,SOCIAL MEDIA,,
,MP 2 Black,0,43,5,48,,170,,
,MP 2 Blue,0,5,0,5,135.0,,تاودلااب,
,MP 2 Craft,1160,50,5,1215,,,,
,MP 4 Black,528,37,0,565,,95,,
,MP 4 Blue,336,79,5,420,85.0,,,
,MP 4 Crafft,2352,40,3,2395,,,,
,MP 7 black,2080,255,5,2340,,,,
,MP 7 D.Blue,720,72,8,800,125.0,175,,
,MP 10 Blue,1440,75,6,1521,58.0,85,,
,MP 11 Black,520,49,6,575,,185,,
,MP 11 D.Blue,480,30,3,513,135.0,,,
,MP 13 Grey,4,0,0,4,,65,,
,MP 13 Red,160,9,6,175,49.0,,,
,MP 14 Blue,650,73,2,725,,95,,
,Mp 14 Black,0,10,0,10,79.0,,,
,mp 15 black,200,83,4,287,65.0,95,,
,mp 15 blue,200,26,5,231,,,,
,MP 16 Black,1200,21,4,1225,,125,,
,MP 16 Blue,2050,139,8,2197,95.0,,,
,MP 17 Black,1040,39,7,1086,,95,,
,MP 17 Grey,1560,79,5,1644,79.0,,,
,MP 18 Black,1170,23,8,1201,195.0,245,,
,MP 20 black,120,67,3,190,195.0,225,,
,MP 21 black,1040,12,7,1059,125.0,145,,
,MP 21 blue,160,82,7,249,,,,
هروص هفاضأ,1 تيس كوب تون هقارو,0,90,0,90,1 تيس كوب تون هقارو,,,
Card Holders & Wallets,,,,,,,,,
PIC,CODE,هدبع,عىرفلا,ةكسلا,QTY,Price,SOCIAL MEDIA,,
,CH 1 GUN,0,368,16,384,95.0,125,SETS,
,CH 2 gun black,0,290,9,299,95.0,125,SETS,
,CH 2 silver black,0,8,5,13,,,,
,CH 2 silver silver,0,228,10,238,,,,
,CH 4 BLACK,0,0,5,5,25.0,35,,
,CH 4 BROWN,0,111,11,122,,,,
,CH 5 Black,0,58,5,63,,,,
,CH 5 BROWN,0,505,3,508,25.0,35,,
,CH 8 black,0,286,10,296,,,,
,CH 8 blue,0,165,5,170,85.0,95,,
,ch 9 brown new,0,1023,24,1047,,,,
,CH 9 New D.Grey soft,0,495,9,504,39.0,55,,
,ز ضف ببحم دوسا ch 9 ي,0,67,0,67,,,,
,CH 13 Dark Blue,0,2777,19,2796,75.0,95,,
,CH 13 Dark Grey Hard,0,639,0,639,,,,
,CH 13 L.Grey,0,265,15,280,,,,
,ببحم CH 13 black,0,24,11,35,,,,
,CH 14 black shinny gun,0,1216,4,1220,75.0,95,طقف مقطا,
,CH 14 blue shinny gun,0,724,5,729,,,,
,CH 15 black shinny gun,0,34,6,40,75.0,95,طقف مقطا,
,CH 15 blue shinny gun,0,613,5,618,,,,
,CH 16 black shinny gun,0,925,5,930,75.0,95,طقف مقطا,
,CH 17 black shinny gun,0,229,4,233,75.0,95,طقف مقطا,
,CH 17 blue shinny gun,0,671,5,676,,,,
,CH 19 black with mega safe magnet,0,779,2,781,295.0,395,طقف مقطا,
,CH 21 Blue,0,87,4,91,35.0,45,,
,ببحم دوسا CH 21,0,159,11,170,,,,
,Ch 50 Black ( mega safe ),0,709,4,713,265.0,295,طقف مقطا,
,Ch 50 Blue ( mega safe ),0,995,3,998,,,,
,Ch 50 D grey ( mega safe ),0,994,3,997,,,,
,wallet 3 Grey,0,790,3,793,65.0,95,,
,Wallet 5 Grey,0,126,8,134,145.0,175,,
,Wallet 10 black,0,68,4,72,45.0,65,,
Keychains,,,,,,,,,
PIC,CODE,هدبع,عىرفلا,ةكسلا,QTY,Price,SOCIAL MEDIA,,
,KH 1 Blue Gun Mutt,0,7,1,8,,,,
,KH 1 D.Grey Gun Mutt,0,24,0,24,,,,
,KH 1 L.Grey Gun Mutt,0,745,9,754,,,,
,KH 1 Blue Black,0,16,0,16,,,,
,KH 1 D.Grey Gun Shinny,0,109,0,109,59.0,79,,
,KH 1 L.Grey Gun Shinny,0,749,6,755,,,,
,KH 1 Grey leather Gun Mutt,0,187,8,195,,,,
,KH 1 Grey leather Gun Shinny,0,1,9,10,,,,
pic,Kh2 Cork,0,674,7,681,45.0,75,,
,KH 3 D.Grey Gun,0,387,13,400,,69,,
,ةطايخب KH 3 Dark grey,0,118,0,118,49.0,,,
,KH 3 L.Grey Gun,0,90,7,97,,,,
,KH 5 Blue Silver,0,257,13,270,49.0,69,,
,KH 7 Black Silver,0,57,14,71,49.0,69,,
,KH 7 Blue Silver,0,306,0,306,,,,
,KH 10 Black Silver,0,1068,11,1079,55.0,75,,
,KH 11 Cork,0,339,0,339,49.0,69,,
PIC,KH 11 white gun,0,60,5,65,,,,
,KH 14 GUN,0,203,0,203,,,,
,طم KH 14,0,499,0,499,6.0,9,,
,عيمل KH 14,0,424,0,424,,,,
,KH 18 shiny gun+black,0,32,5,37,69.0,89,Set,
,KH 18 shiny gun+black with design,0,32,0,32,,,,
,KH 18 matt gun+black,0,970,2,972,,,,
,KH 18 matt black+black,0,929,11,940,,,,
,KH 19 shiny gun+black,0,562,0,562,69.0,89,Set,
,KH 19 matt gun+black,0,1279,12,1291,,,,
,KH 19 matt black+black,0,1627,17,1644,,,,
,KH 20 matt black+black,0,1098,0,1098,69.0,89,Set,
,KH 20 matt black+blue,0,33,0,33,,,,
,KH 20 shiny gun+black,0,174,14,188,,,,
,KH 22 black shinny gun,,1020,3,1023,69.0,89,Set,
,KH 22 blue shinny gun,,167,2,169,,,,
,KH 23 black black mutt,,1583,2,1585,72.0,89,Set,
,KH 23 black gun mutt,,1275,4,1279,,,,
,KH 23 black shinny gun,,65,9,74,,,,
,KH 23 blue shinny gun,,2,2,4,,,,
,KH 23 dark grey shinny gun,,696,1,697,,,,
Elegant Pens,,,,,,,,,
PIC,,CODE,هدبع,عىرفلا,ةكسلا,QTY,Price,SOCIAL MEDIA,
,,EP 1 Black Shinny gun,0,1752,17,1769,,79,
,,Ep 1 gun * black,0,23,0,23,59.0,,
,,EP 1 Blue Shinny gun,0,431,30,461,,,
,,EP 2 black gun mutt,تاكفم ملق هرطسم,525,0,525,39.0,49,
,,EP 3 Black Rose gold,0,55,47,102,29.0,39,
,,Ep 5 dark blue,0,1194,10,1204,39.0,49,
,,EP 7 Brown,0,1001,29,1030,,,
,,EP 7 Silver,0,317,57,374,39.0,49,
,,EP 10 black gun mutt,ز ييبسا ملق,1791,21,1812,32.0,42.0,
,,EP 11 black shinny gun,0,3074,0,3074,35.0,45.0,
,,EP 12 Black,0,2779,9,2788,,,
,,EP 12 Silver,0,62,74,136,55.0,75,
,,EP 12 White,0,790,96,886,,,
,,EP 12 blue,0,878,8,886,,,
,,EP 13 black,0,1059,0,1059,29.0,39,
,,EP 13 blue,0,1009,7,1016,,,
,,Ep 14 light Grey Hard,0,42,0,42,49.0,59,
,,EP 14 D.GREY HARD,0,2159,35,2194,49.0,59,
,,EP 14 slim Black Gun Mutt,0,51,0,51,49.0,59,
,,EP 14 slim Black Gun Shinny,0,16,2,18,,,
,,EP 14 Light .gray hard,0,42,0,42,,,
,,EP 14 slim Dark Grey Gun Mutt,0,213,51,264,,,
,,EP 14 slim Ight .Grey Gun Mutt,0,920,48,968,,,
,,EP 14 slim Ligt Grey Gun Shinny,0,908,48,956,,,
,,بارجلاب EP 16 Black,0,181,1,182,29.0,39,
,,EP 17 D.Blue Mutt Gun,0,1644,95,1739,,,
,,EP 17 White Mutt Gun,0,732,21,732,29.0,39,
,,EP 17 black,0,1080,0,1080,,,
,,EP 19 black,0,476,36,512,15.0,25,
,,EP 20 black shinny gun,0,990,0,990,49.0,59,
,,EP 20 blue shinny gun,0,124,0,124,,,
,Ep 24 black mutt,0,124,49,173,69.0,89.00,,
,EP 27 BLACK,0,408,16,424,,,,
,EP 27 BLUE,0,1621,34,1655,19.0,25,,
,EP 28 black,0,0,0,0,19.0,25,,
,EP 29 black,0,2878,9,2887,19.0,25,,
,EP 30 silver,0,1951,9,1960,26.0,35,,
,EP 32 black black,0,2343,32,2375,19.0,29,,
,EP 32 blue black,0,3395,9,3404,,,,
,EP 32 grey black,0,2158,10,2168,,,,
,EP 34 black,0,806,8,814,45.0,55,,
,EP 34 gun,0,349,9,358,,,,
,ep 40 black*silver,0,1225,1,1226,19.0,29,,
,Ep 47 Black Shinny Gun,0,2,0,2,,,,
,Ep 47 Blue Shinny Gun,0,517,56,573,85.0,98,sets only,
,EP 51 new black,0,4,0,4,49.0,59,,
,EP 51 new blue,0,4,55,59,,,,
,EP 51 new gun,0,813,8,821,,,,
,EP 52 black shinny gun,0,2651,19,2670,49.0,59,,
,EP 52 White,0,46,93,139,,,,
,EP 54 Black,0,519,47,566,,,,
,EP 54 Gun,0,2150,48,2198,19.0,25,,
,EP 54 Silver,0,3474,50,3524,,,,
,EP 55 Black,0,0,0,0,27.5,33,,
,EP 56 Black,0,3274,0,3274,19.0,29,,
Pen sets,,,,,,,,,
PIC,CODE,هدبع,عىرفلا,ةكسلا,QTY,Price,SOCIAL MEDIA,,
,PS 2 black,0,191,48,239,135.0,175,,
,PS 3 cork silver shinny with Box,0,2922,4,2926,165.0,225,,
,PS 3 cork gun shinny without Box,0,2959,3,2962,115.0,145,,
,PS 9 black,0,2184,4,2188,89.0,115.0,With Box,
,PS 9 blue,0,1788,5,1793,,,,
,PS 9 white,0,1685,5,1690,,,,
,PS 11 black,0,2185,3,2188,115.0,155.0,With Box,
,PS 12 black gun,0,2495,3,2498,135.0,175.0,With Box,
,ps 15 blue rose gold,0,492,39,531,65.0,95,,
,ps 15 silver gun,0,277,45,322,,,,
,PS 17 Blue,0,1371,4,1375,89.0,115,,
Insert Pic,P.Box 1 paper,0,125,3,128,35.0,55,,
,P. Box 2 black mutt,3600,0,5,3605,27.0,35,,
P box 3,p.box 3,0,11,0,11,85.0,125,,
,P.Box 4,0,148,8,156,10.0,16,,
,P. Box 7,2400,108,10,2518,12.0,19,,
,P.BOX 13 Blk,0,1515,0,1515,12.0,19,,
,P.Box 23,0,897,0,897,12.0,25,,
,P.Box 40 NEW,0,46,12,58,12.0,25,,
,P.Box 42,0,36,0,36,12.0,25,,
,Cross Pen AT0122-1 Silver,0,55,0,55,"4,950.0","5,900",,
Plastic pens,,,,,,,,,
PIC,CODE,هدبع,عىرفلا,ةكسلا,QTY,Price,SOCIAL MEDIA,,
,PP 1 black,0,3418,,3418,39.0,49,,
,PP 2 Gun,0,2413,39,2452,,19,,
,PP 2 Silver,0,2962,45,3007,12.0,,,
,PP 4 Black,0,2026,46,2072,7.5,9.50,,
,PP 4 Grey,0,1977,47,2024,,,,
,PP 4 L.Blue,0,2560,48,2608,,,,
,PP 4 Orange,0,3059,48,3107,,,,
,PP 4 Red,0,3512,47,3559,,,,
,PP 6 Black,0,2087,46,2133,8.9,12.5,,
,PP 9 black,0,3981,50,4031,6.5,8.5,,
,PP 9 grey,0,4688,0,4688,,,,
,PP 9 red,0,3932,49,3981,,,,
,PP 10 grey,0,476,50,526,7.9,9.9,,
,PP 10 Red,0,1592,49,1641,,,,
,PP 13 D.Blue,0,403,14,417,9.5,14,,
,PP 15 black,0,663,49,712,8.7,12.5,,
,PP 15 blue,0,59,47,106,,,,
,PP 15 green,0,1003,51,1054,,,,
,PP 15 Red,0,617,49,666,,,,
,PP 16 black,0,3866,49,3915,9.5,13,,
,PP 16 light blue,0,2670,50,2720,,,,
,PP 16 Red,0,976,48,1024,,,,
,PP 16 Green,0,455,49,504,,,,
,PP 16 Purple,0,1948,50,1998,,,,
,pp 17 gun,0,2775,50,2825,9.9,15,,
,pp 17 silver,0,1012,58,1070,,,,
,PP 18 light blue,0,3942,49,3991,8.5,15,,
,PP 18 Red,0,1093,48,1141,,,,
,PP 18 Orange,0,1724,50,1774,,,,
,PP 18 Purple,0,2669,50,2719,,,,
,PP 19 Orange,0,2005,49,2054,6.9,9,,
,PP 20 blue,0,2861,50,2911,9.5,15,,
,PP 21 cork black,0,2954,3,2957,10.5,15,,
,,0,,,3211,6.5,9,,
,PP 26 black,0,299,48,347,13.5,18.5,,
,PP 26 blue,0,5302,49,5351,,,,
,PP 26 white,0,1121,45,1166,,,,
,PP 26 grey,0,4373,50,4423,,,,
,PP 26 green,0,959,0,959,,,,
,PP 28 Black,0,262,51,313,18.0,25,,
,PP 28 Red,0,2807,51,2858,,,,
,PP 29 silver,0,9395,4,9399,7.9,10.0,,
,PP 30 L.Blue,0,4373,47,4420,,,,
,PP 30 Orange,0,3912,50,3962,,,,
,PP 30 Green,0,3263,49,3312,9.5,15,,
,PP 30 Purple,0,4923,50,4973,,,,
,PP 31 Black,0,289,11,300,25.0,35,,
,PP 33 Rubber Black,0,3702,54,3756,,,SET,
,PP 33 Rubber D .Blue,0,3060,59,3119,33.0,39,,
,PP 33 Rubber Grey,0,2288,102,2390,,,,
,PP 46 Black,0,710,50,760,,,,
,PP 46 Green,0,1202,50,1252,6.9,9,,
,PP 46 Red,0,648,32,680,,,,
,PP 48 L.Blue,0,1653,47,1700,9.5,14,,
,PP 53 Silver,0,2909,44,2953,8.9,14,,
,pp set 1 light green,0,1907,92,1999,,,,
,pp set 1 light purple,0,1788,0,1788,1.7,2,Stock,
Wall Clock & Desck Clock,,,,,,,,,
PIC,CODE,هدبع,عىرفلا,ةكسلا,QTY,Price,SOCIAL MEDIA,,
,CK 1,0,12,3,15,149.0,175,,
,CK 2,279,13,3,295,149.0,175,,
,CK 3,60,24,4,88,149.0,175,,
,CK 4,220,22,2,244,149.0,175,,
,CK 9 white,180,10,3,193,275.0,345,,
,CK 9 black,100,22,3,125,275.0,345,,
,CK 10 black,0,12,4,16,275.0,345,,
,CK 11 دوسا انيم,60,75,0,135,125.0,175,,
,CK 13,200,8,3,211,155.0,195,,
,CK 14,40,12,3,55,275.0,325,,
,CK 15,260,15,2,277,275.0,325,,
,CK 16,20,2,3,25,149.0,175,,
,CK 19,380,5,2,387,195.0,225,,
,CK 20,400,14,3,417,195.0,225,,
,CK 21,680,7,2,689,275.0,345,,
,CK 22,180,8,0,188,195.0,245,,
,CK 23,810,7,5,822,275.0,345,,
,DC 2 black * shinny gun,0,40,4,44,495.0,650,Sets,
,DC 3 black * shinny gun,250,39,10,299,495.0,650,Sets,
,DC 3 Grey * shinny gun,100,37,0,137,,,,
,DC 4 with white LED,13,13,9,35,320.0,390,,
,DC 5 with white LED,0,3,0,3,345.0,395,,
,DC 8 with wirless charger,80,25,0,105,"1,250.0","1,600",,
,,504,2,1,507,,,,
,DC 9 black ( digital clock / wireless / phone stand ),210,0,5,215,"1,350.0","1,600",,
Tool kit,,,,,,,,,
PIC,CODE,هدبع,عىرفلا,ةكسلا,QTY,Price,SOCIAL MEDIA,,
,TK 1,420,17,0,437,215.0,250,,
,TK 5,900,16,5,921,215.0,250,,
,TK 6,0,13,5,18,325.0,395,,
,TK 9,0,0,0,0,295.0,315,,
,Tk 10,0,0,0,0,195.0,245,,
,Tk 11,0,0,1,1,295.0,375,,
,TK 13,0,2,0,2,285.0,345,,
,Tk 16 black,1008,45,3,1056,325.0,375,,
,Tk 16 blue,0,141,6,147,,,,
,TK 17 black,528,49,5,582,215.0,245,,
,هيبرع خافنم,180,7,4,191,350.0,420,,
"Flask, Porcelain & Thermal Mugs",,,,,,,,,
PIC,CODE,هدبع,عىرفلا,ةكسلا,QTY,Price,SOCIAL MEDIA,,
,Mug 2 Cappuccino white,0,50,0,50,295,325,,
,Mug 4 black,1650,22,5,1677,195.0,240,500 ML,
,Mug 4 dark blue,300,130,3,433,,,,
,Mug 4 white,50,88,4,142,,,,
,MUG 6 digital Mutt black,0,11,2,13,,,,
,MUG 6 digital Mutt blue,300,30,1,331,285.0,325,380 ML,
,MUG 6 digital Mutt white,0,51,4,55,,,,
,Mug 7 black,0,39,0,39,245.0,295.0,580 ML,
,Mug 8 Black Mutt,1260,144,6,1410,125.0,165.0,260 ML,
,Mug 9 black,302,0,8,310,185.0,235,Stylish ( 500 ML ),
,Mug 9 D blue,600,91,4,695,,,,
,Mug 9 ( Jazz blue ),850,55,2,907,,,,
,Mug 9 Green,550,8,4,562,,,,
,Mug 9 Grey,780,82,4,866,,,,
,Mug 9 white,0,0,0,0,,,,
,Mug 9 handle black,100,35,0,135,225,265,500 ML,
,Mug 9 handle Jazz Blue,750,24,4,778,,,,
,Mug 9 handle Dark blue,150,53,4,207,,,,
,Mug 9 handle Grey,430,6,4,440,,,,
,Mug 9 handle Red,0,11,0,11,,,,
,Mug 9 handle Orange,450,1,5,456,,,,
,Mug 11 White,240,252,3,495,145.0,275,150ML,
,Mug 12 black,300,68,7,375,175.0,215,400 ML,
,Mug 13 Mutt White,0,43,4,47,215.0,255,,
,Mug 15 green,3829,71,0,3900,25.0,29.0,,
,Mug 15 pink,3215,35,0,3250,,,,
,Mug 15 Red,3010,55,0,3065,,,,
,Mug 15 Turquise,4130,80,0,4210,,,,
,Mug 15 violet purple,3920,68,0,3988,,,,
,Mug 16 blue beige,272,0,6,278,265.0,325,800 ML,
,Mug 16 purple pink,0,0,4,4,,,,
,Mug 16 white purple,268,0,6,274,,,,
,Mug 16 pink green,261,0,0,261,,,,
,Mug 16 black rose,252,0,3,255,,,,
,Mug 16 pink purple,258,0,1,259,,,,
,Mug 16 purple green,271,0,7,278,,,,
,mug 17 silver,0,34,0,34,75.0,95,,
,Mug 20 Cream,0,62,0,62,125.0,185,,
,Mug 22 black,0,8,4,12,159.0,185,350 ML,
,Mug 23 black,1850,44,0,1894,225.0,265,700 ML,
,Mug 24 Black Mutt,240,93,5,338,139.0,175,150 ML,
,Mug 24 White Mutt,0,47,9,56,,,,
,Mug 25 Black,420,44,6,470,175.0,225,320 ML,
,Mug 28 Set ( with mobile holder ) Blue,48,31,0,79,195.0,245,mug ( 3 in 1 ),
,Mug 29 White Mutt S,23,0,3,26,125.0,175,350 ML,
,Mug 30 blue,0,25,3,28,215.0,265.0,600 ML,
,Mug 31 mutt black,500,54,4,558,175.0,225.0,Stylish ( 500 ML ),
,Mug 31 mutt blue,750,83,6,839,,,,
,Mug 31 mutt white,700,36,5,741,,,,
,Mug 32 black,700,360,6,1066,215.0,265.0,400 ML,
,Mug 34 black,0,0,,0,325.0,395,1200 ML,
,Mug 34 blue,0,0,,0,,,,
,Mug 34 white,0,0,,0,,,,
,Mug 34 purple,0,0,,0,,,,
,Mug 34 green,0,0,,0,,,,
,Mug 35 black,0,0,,0,375.0,425,1200 ML,
,Mug 35 beige,0,0,,0,,,,
,Mug 35 pink,0,0,,0,,,,
,Mug 35 green,0,0,,0,,,,
,Mug 35 yellow,0,0,,0,,,,
,Mug 36 black,550,24,6,580,275.0,325,570 ML,
,Mug 37 Black,50,16,10,76,155.0,195,450 ML,
,Mug 38 Black * Black,2698,47,3,2748,140.0,190,800 ML,
,Mug 38 Blue * Black,3000,19,0,3019,,,,
,Mug 38 Red Grey,0,18,5,23,,,,
,Digital Mug 39 black,1194,57,3,1254,215.0,255,400 ML,
,Mug 40 Black Mutt,2448,123,5,2576,179.0,215,450 ML,
,Mug 40 Blue Mutt,1056,91,6,1153,,,,
,mug 40 gun,2400,19,10,2429,,,,
,Mug 41 black,1100,28,4,1132,325.0,375,720 ML,
,Mug 41 D blue,550,39,5,594,,,,
,Mug 44 black silver,1200,72,0,1272,235.0,285,480 ML,
,Mug 45 black,1450,35,0,1485,225.0,275.0,600 ML,
,Mug 45 gun,550,44,0,594,,,,
,Mug 46 black,0,44,0,44,185.0,215,270 ML,
,Mug 46 d.blue,0,18,5,23,,,,
,Mug 46 gun,240,40,5,285,,,,
,Mug 48 black (m),150,41,5,196,130.0,165,750 ML,
,Mug 50 black,1100,121,6,1227,215.0,255,380 ML,
,Mug 50 blue,750,55,3,808,,,,
,Mug 50 white,50,47,0,97,,,,
,Mug 50 gun,650,62,3,715,,,,
,Mug 51 black,700,34,3,737,195.0,245,600 ML,
,Mug 51 white,900,29,3,932,,,,
,Mug 51 pink,0,2,0,2,,,,
,MUG 52 White S,160,26,5,191,265.0,325,,
,Mug 52 White L,640,47,0,687,295.0,375,,
,Mug 53 Black,2460,55,6,2521,145.0,185,650 ML,
,Mug 53 Blue,2460,53,7,2520,,,,
,Mug 53 Red,1200,63,5,1268,,,,
,Mug 54 set black,720,1,0,721,195.0,245,3 in 1 Mugs,
,Mug 54 set blue,241,72,0,313,,,,
,Mug 56 black,700,79,3,782,255.0,295,450 ML,
,ز mug 58 black ضف اطغ ي,48,41,4,93,195.0,245,500 ML,
,mug 58 black فيفخ,0,33,0,33,120.0,155,,
,Mug 58 Silver Mutt,312,37,2,351,195.0,235,500 ML,
,Mug 58 Black Mutt,0,9,0,9,,,,
,Mug 58 Gun طوطخ,0,27,0,27,,,,
,Mug 58 Mutt black digital,2976,23,1,3000,225.0,265,500 ML,
,Mug 58 Mutt Blue digital,288,35,3,326,,,,
,Mug 59 black,1350,26,11,1387,185.0,215.00,280 ML,
,Mug 59 d blue,500,55,3,558,,,,
,Mug 59 white,50,20,5,75,,,,
,Mug 59 gun,900,21,5,926,,,,
,Mug 62 Black,0,48,5,53,195.0,255,500 ML,
,Mug 64 black silver with suction,2401,116,2,2519,275.0,375,,
,Mug 64 D blue silver with suction,1550,44,3,1597,,,,
,Mug 66 black,1400,15,2,1417,235.0,275,350 ML,
,Mug 69 black,1000,22,9,1031,195.0,235,260 ML,
,Mug 69 blue,700,34,6,740,,,,
,Mug 69 white,200,31,8,239,,,,
,Mug 70 black gun,1400,40,6,1446,290.0,350,Sets ( 350 ML ),
,Mug 71 black ( 2 in 1 ),1103,38,1,1142,475.0,535,Sets ( 800 ML ),
,Mug 72 black grey,0,44,5,49,115.0,145,800 ML,
,Mug 73 pink,240,39,4,283,165.0,225,800 ML,
,Mug 73 blue,240,46,4,290,,,,
,Mug 73 green,240,50,5,295,,,,
,Mug 73 beige,240,39,4,283,,,,
,Mug 74 pink,180,42,4,226,165.0,225,800 ML,
,Mug 74 blue,180,52,2,234,,,,
,Mug 74 green,180,55,3,238,,,,
,Mug 74 beige,180,41,4,225,,,,
,Mug 75 pink,280,54,3,337,165.0,225,570 ML,
,Mug 75 blue,280,52,4,336,,,,
,Mug 75 Light blue,280,59,3,342,,,,
,Mug 75 green,280,59,3,342,,,,
,Mug 76 black,1020,83,5,1108,155.0,215,850 ML,
,Mug 76 blue,360,43,5,408,,,,
,Mug 77 frost black,1980,52,5,2037,195.0,245,1000 ML,
,Mug 77 frost blue,1920,28,5,1953,,,,
,Mug 78 frost blue,1860,52,4,1916,145.0,185,600 ML,
,Mug 78 frost Orange,960,45,2,1007,,,,
,Mug 78 frost white,960,50,5,1015,,,,
,Mug 79 frost black,1740,65,5,1810,179.0,215,1000 ML,
,Mug 79 frost blue,919,21,5,945,,,,
,Mug 80 black blue,1920,50,5,1975,115.0,145,750 ML,
,Mug 80 black Orange,960,53,0,1013,,,,
,Mug 80 black Red,960,51,5,1016,,,,
,Mug 80 black green,240,65,5,310,,,,
,Mug 81 Frost white,840,61,4,905,115.0,145,750 ML,
,Mug 82 frost white,720,99,5,824,98.0,145,,
,Mug 83 black grey,720,26,4,750,165.0,195,800 ML,
,Mug 83 black red,780,44,5,829,,,,
,Mug 84 black,2520,28,8,2556,165.0,195,480 ML,
,porcelin 3 ( 7*7 ),768,77,6,851,39.0,60,,
,porcelin 6 بي هذ دي ضيبا,1315,68,4,1387,65.0,92,,
,porcelin 6 بي هذ ةفشو دي ضيبا,4140,85,5,4230,,,,
,porcelin 6 بي هذ دي دوسا,467,11,5,483,75.0,116,,
,ز porcelin 7 ضي ف دي ضيبا,792,67,2,861,65.0,92,,
,ز porcelin 7 ضي ف ةفشو دي ضيبا,744,111,6,861,,,,
,ز porcelin 7 ضي ف دي دوسا,1656,50,3,1709,75.0,116,,
,porecelin 8 black,1519,3,3,1525,69.0,92,,
,porcelin 8 blue,756,122,4,882,,,,
,porcelin 8 red,693,40,4,737,,,,
,porcelin cork 1,192,89,6,287,185.0,235,,
,ر ع برم دلج يسوك,0,199,0,199,105.0,135,عطق 4,
,ر رودم دلج يسوك,0,148,0,148,105.0,135,عطق 4,
,Ceramic Coaster 1 ع برم,1799,70,1,1870,105.0,140,عطق 4,
,Ceramic Coaster 2 رودم,3600,2,3,3605,105.0,140,عطق 4,
,Coaster metal gun,572,67,2,641,195.0,245,Sets only,
cork,,,,,,,,,
PIC,CODE,هدبع,عىرفلا,ةكسلا,QTY,Price,SOCIAL MEDIA,,
,NB 44 cork black,0,21,0,21,95.0,125,,
,NB 44 cork special كتساب,920,207,3,1130,95.0,125,,
,NB 30 cork black,90,66,7,163,95.0,125,,
,NB 23 cork black,90,91,6,187,110.0,145,,
,رودم Coaster cork,0,69,7,76,120.0,170,,
,ع برم Coaster Cork,0,215,8,223,120.0,170,,
,CH 23 cork,0,393,10,403,45.0,55,,
,CH 31 cork,0,126,3,129,45.0,55,,
,CH 7 cork,0,77,5,82,45.0,55,,
BAGS,,,,,,,,,
PIC,CODE,هدبع,عىرفلا,ةكسلا,QTY,Price,SOCIAL MEDIA,,
,bag 1 hand,0,92,0,92,265.0,295,,
,Bag 2 cross,300,21,4,325,175.0,215,,
,bag 3 hand black,0,0,0,0,175.0,225,,
,bag 4 cross black,0,6,0,6,295.0,345,,
,bag 5 cross black,0,3,7,10,290.0,340,,
,bag 6 black,90,12,4,106,670.0,740,,
,Bag 7 new black,500,0,0,500,345.0,395,,
,bag 8 black,0,12,3,15,440.0,490,,
,Bag 9 black,0,0,0,0,295.0,345,,
,Bag 10 Black,0,8,9,17,175.0,225,,
,Bag 11 Large,165,29,0,194,545.0,625,,
,Bag 11 Medium,160,65,6,231,445.0,520,,
,Bag 13 Beige,0,0,0,0,140.0,165,,
,Bag 14 black,0,21,3,24,695.0,765,,
,Bag 15 large,0,2,0,2,590.0,725,,
,Bag 15 small,740,10,6,756,450.0,575,,
,Bag 16 D.Grey,0,29,0,29,175.0,225,,
,Bag 16 New Black,500,26,0,526,165.0,195,stock,
,Bag 16 black leather small,0,40,0,40,110.0,145,,
,bag 18 new black,500,15,0,515,295.0,345,-,
,Bag 20 black,165,6,2,173,625.0,695,,
,Bag 22 black,840,151,5,996,155.0,195,,
,Bag 22 white,720,27,5,752,,,,
,Bag 23 black,150,128,5,283,275.0,345,-,
,Bag 25 black,240,41,3,284,375.0,475,,
,Bag 26,280,14,3,297,320.0,375,stock,
,bag 28 black,300,59,4,363,525.0,595,,
,Bag 30 black,0,22,0,22,650.0,750,,
,عينصت Bag 31 new,0,27,3,30,950.0,"1,250",,
,Bag 32 black ( trolly ) Foldable for space saving,87,3,1,91,"1,100.0","1,300",,
,Bag 33 Black,295,6,3,304,385.0,450,,
,Bag 35 Black,0,33,0,33,165.0,195,stock,
,Bag 38 black,0,24,7,31,250.0,295,,
,Bag 39 black,0,2,0,2,225.0,295,,
,Bag 40 black,2600,119,3,2722,185.0,225,,
,Bag 42 black,0,300,5,305,250.0,295,,
,Bag 46 black,0,0,0,0,345.0,395,,
,Bag 46 blue,40,28,5,73,,,,
,Bag 47 black,160,51,5,216,345.0,395,,
,Bag 47 blue,520,83,5,608,,,,
,Bag 48 black,0,0,1,1,280.5,335,,
,Bag 48 blue,0,0,0,0,,,,
,BAG 49 SMALL BLACK,0,7,0,7,195.0,245,stock,
,دوسا لبح ةطنش,1000,421,15,1436,35.0,39,ةعابط ج 5 فاضي ج 10 / نول دحاو ج15 / نول 2 نشيملبس,
,قرزأ لبح ةطنش,1500,87,5,1592,,,,
,ضيبأ لبح ةطنش,1000,104,7,1111,,,,
,دوسا 1 طسو هطنش,50,14,3,67,105.0,135,,
,قرزا 1 طسو هطنش,150,1,1,152,,,,
,دوسا 3 طسو ةطنش,0,73,4,77,198.0,235,,
,يدامر 3 طسو ةطنش,0,0,1,1,,,,
,قرزا 3 طسو ةطنش,1095,137,5,1237,,,,
GIFT BAG LARGE 40 * 30 * 10,white*blue handle,0,1,0,1,65.0,85,ج 5 فاضي كلس ةعابط ج 10 / نيركس ةعابط نشيملبس,
,white*white handle,0,4,0,4,,,,
,white*black handle,0,0,0,0,,,,
,white*Red handle,0,0,0,0,,,,
,Red*black handle,0,1,0,1,,,,
,white*green handle,0,1,0,1,,,,
,light grey*black handle,0,0,0,0,,,,
,yellow*black handle,940,15,4,959,,,,
,orange*black handle,0,0,0,0,,,,
GIFT BAG SMALL 30 * 26 * 10,white*white handle,0,1,4,5,55.0,75,ج 5 فاضي كلس ةعابط ج 10 / نيركس ةعابط نشيملبس,
,white*black handle,0,1,0,1,,,,
,white*Red handle,0,1,4,5,,,,
,Red*black handle,0,0,0,0,,,,
,white*green handle,0,47,2,49,,,,
,l i g h t g r e y * b l a c k h a n d l e,1 2 0,4 2,3,165,,,,
,yellow*black handle,760,31,5,796,,,,
,orange*black handle,1000,73,0,1073,,,,
,Felt bag 5 black,1538,17,5,1560,140.0,195,,
,Felt bag 5 Dark blue,970,25,5,1000,140.0,195,,
,Felt bag 5 brown,985,21,5,1011,140.0,195,,
,Felt bag 5 Grey,965,17,5,987,`140,195,,
,Felt bag 6 black,1230,27,5,1262,105.0,135,,
,Felt bag 6 grey,960,5,5,970,105.0,135,,
,Felt bag 6 brown,930,24,5,959,105.0,135,,
,Felt bag 6 green,460,18,5,483,105.0,135,,
,Felt bag 6 Red,460,24,5,489,105.0,135,,
,Felt bag 7 black,0,21,0,21,105.0,135,,
,Felt bag 7 D blue,0,51,0,51,105.0,135,,
,Felt bag 7 Grey,0,89,5,94,105.0,135,,
,Felt bag 7 brown,650,10,3,663,105.0,135,,
,Felt bag 7 green,960,25,5,990,105.0,135,,
,Felt bag 7 Red,700,32,5,737,105.0,135,,
,كد ةطنش,0,0,0,0,45.0,75,نول ةعابط لماش 10 ةفاضاو / دحاو نشيملبس ةعابط ج,
,Cooler Bag 1 Black * Grey,0,10,3,13,250.0,295,stock,
,cooler bag 4 black,200,21,1,222,145.0,195,ج 5 فاضي نول دحاو ةعابط / نول 2 ج 10 / نشيملبس ج15,
,cooler bag 4 blue,204,12,1,217,,,,
,cooler bag 4 grey,0,5,2,7,,,,
,cooler bag 4 orange,0,6,3,9,,,,
,Lap Sleeve 1 black,360,12,5,377,420.0,490,,
,Lap Sleeve 2 black,480,4,5,489,520.0,590,,
,Lap Sleeve 3 black,360,58,5,423,520.0,590,,
General,,,,,,,,,
PIC,CODE,هدبع,عىرفلا,ةكسلا,QTY,Price,SOCIAL MEDIA,,
,2 وسيي سا ةنيكام,0,8,1,9,"1,050.0","1,250",,
,Coffe Machine 2 black,64,17,4,85,"4,600.0","4,800",,
,Coffe Machine 3 black,132,12,4,148,"3,800.0","4,000",,
,G 11 BLUE,900,11,10,921,,,,
,G 11 ORANGE,1400,67,5,1472,29.0,39,,
,G 12 BLUE BIG,130,6,0,136,,,,
,G 12 RED BIG,370,5,1,376,,,,
,G 12 ORANGE SMALL,600,14,6,620,,,,
,G 12 BLUE SMALL,500,51,0,551,5.5,7,,
,G 12 GREEN SMALL,260,10,6,276,,,,
,G 12 RED SMALL,630,3,2,635,,,,
,G 12 WHITE SMALL,1000,25,4,1029,,,,
,G 17 RED,90,8,5,103,29.0,35,,
,G 39 Black,0,8,0,8,275.0,295,,
,G 42 Large,890,2,0,892,85.0,125,,
,Car Extra Pocket,1800,51,6,1857,19.0,29,,
,Box Ramadan,0,130,0,130,"1,500.0","1,775",,
,Sun shade 2 Silver*black,1400,95,6,1501,75.9,90,ج 10 فاضي نول دحاو ةعابط نشيملبس ج15 /,
,Sun shade 2 Silver*Blue,2100,70,6,2176,,,,
,SUN SHADE 3 BLACK * SILVER GOLD HAND,0,0,0,0,180.0,215,ج 10 فاضي نول دحاو ةعابط نشيملبس ج 15 /,
,Sun Shade 4 silver silver,3300,81,9,3390,85.0,95,,
,Sun shade 5 Silver*Blue,0,42,0,42,,,,
,دوسا هسدع,0,51,0,51,75.0,95,,
SUMMER,,,,,,,,,
PIC,CODE,هدبع,عىرفلا,ةكسلا,QTY,Price,SOCIAL MEDIA,,
,CAP 2 L.BLUE,300,1,0,301,18.0,25,,
,Cap 3 black,5500,58,6,5564,48.0,55.0,,
,Cap 3 blue,6500,19,5,6524,,,,
,Cap 3 white,6900,92,4,6996,,,,
,G 1 Blue,0,541,3,544,29.0,39,,
,G 1 Pink,0,770,5,775,,,,
,G 6 BLACK,1600,71,4,1675,185.0,220,,
,G 6 BLUE,1200,26,7,1233,,,,
,G 22 black,2400,24,5,2429,85.0,125.0,,
,G 22 white,2200,39,5,2244,,,,
,G 23 black,1000,73,5,1078,110.0,145.0,,
,G 23 white,1100,10,5,1115,,,,
,G 24 black,1100,7,5,1112,110.0,145.0,,
,G 24 blue,1100,11,5,1116,,,,
,G 24 white,1100,11,5,1116,,,,
,G 25 black,1900,63,5,1968,85.0,125.0,,
,G 25 white,1900,89,5,1994,,,,
,"G 27 "" 4 Cup Holder """,1800,18,1,1819,95.0,125,,
,G 30,0,52,4,56,350.0,400,,
,G 33 Black,1800,60,2,1862,135.0,185,,
,G 33 Blue,700,11,3,714,,,,
,G 33 Red,500,10,0,510,,,,
,G 34 blue,180,9,2,191,135.0,185,,
,G 34 pink,400,19,3,422,,,,
,ر ليبوم لماح باش _________ G 36 لاقترب,0,337,18,355,8.0,15,,
,G 44 Coffe,800,59,5,864,120.0,175,,
,G 44 Pink,300,24,4,328,,,,
,G 45 pink,900,26,5,931,29.0,38,,
,G 45 Coffee,900,26,5,931,,,,
,G 46 Green Red,1500,93,8,1601,29.0,38,,
,G 47 Yellow,1400,86,5,1491,29.0,38,,
,G 48 Silver,1300,74,8,1382,295.0,345,,
,G 49 Pink,1650,40,4,1694,190.0,225,,
,Chair 1 Black,80,19,3,102,265.0,315,,
,Chair 2 blue,200,34,7,241,145.0,195,,
,Chair 3 Black,0,0,0,0,540.0,645,,
,Chair 4 black (set),56,8,3,67,920.0,"1,050",,
,Chair 4 blue (set),0,3,1,4,,,,
,Travel Kit 1 ( 6 in 1 ) black grey,0,0,1,1,425.0,495,,
,دوسأ ةبقر ةدخم,0,0,0,0,125.0,195,بلطلاب,
,قرزأ ةبقر ةدخم,0,0,0,0,,,,
هروصلا ي يغت,ز سكول تكار بضم,0,13,0,13,125.0,175,,
,رحب هطوف,0,00,0,بلطلاب هيمكلا,195.0,245,ةعابط نشيملبس,
,كيتسلاب رياط قبط,0,00,0,100 ةيمك لقا,19.0,29,دحاو نول ةعابط نيركس كلس,
,ةرايط,0,0,0,بلطلاب هيمكلا,145.0,195,لماش رعسلا ةعابطلا,
,T Shirt,0,0,0,,145.0,195,,
,T shirt Polo medium blue,0,0,0,0,225.0,275,,
,T shirt Polo large blue,0,0,0,0,,,,
,T shirt Polo 2X large blue,0,0,0,0,,,,
,) يز شو ( رحب ةيقاط,0,0,0,ةيمك لقا 200,شو ةعابط 115 ج 145 / دحاو يز شو ةعابط,ةعابط ج145 ج165/ دحاو شو يز شو ةعابط,,
,Spinner 6,0,168,7,175,105.0,175,,
,Spinner 7,0,126,3,129,105.0,175,,
